Order_ID,Customer_ID,Product_Name,Category,Quantity,Price,Discount,Revenue,Order_Date,Delivery_Time(mins),City,Delivery_Status,Rating
ORD1001,CUST1614,Coffee,Beverages,4,477.82,14.64,1631.47,2025-07-08,35,Pune,Cancelled,1
ORD1002,CUST1099,Energy Drink,Beverages,2,120.2,1.16,237.61,2025-03-29,131,Pune,Pending,1
ORD1003,CUST1191,Mango,Fruits,3,59.26,19.4,143.29,2025-10-21,144,Bangalore,Pending,4
ORD1004,CUST1560,Soda,Beverages,4,132.53,6.08,497.89,2025-01-22,103,Kolkata,Cancelled,5
ORD1005,CUST1189,Namkeen,Snacks,3,325.33,2.79,948.76,2025-07-07,29,Chennai,Delivered,2
ORD1006,CUST1646,Lotion,Personal Care,3,222.11,19.66,535.33,2025-05-11,65,Hyderabad,Cancelled,2
ORD1007,CUST1013,Apple,Fruits,5,252.72,0.27,1260.19,2025-03-30,74,Kolkata,Pending,1
ORD1008,CUST1955,Butter,Dairy,2,223.44,0.32,445.45,2025-04-02,125,Delhi,Cancelled,4
ORD1009,CUST1931,Coffee,Beverages,4,272.83,0.69,1083.79,2025-07-25,95,Delhi,Pending,2
ORD1010,CUST1771,Banana,Fruits,2,348.14,6.23,652.9,2025-02-23,120,Bangalore,Pending,2
ORD1011,CUST1862,Toothpaste,Personal Care,5,486.31,15.5,2054.66,2025-06-11,28,Delhi,Delivered,3
ORD1012,CUST1878,Energy Drink,Beverages,4,70.35,6.51,263.08,2025-07-27,96,Mumbai,Cancelled,1
ORD1013,CUST1492,Chocolate,Snacks,5,314.04,19.31,1266.99,2025-07-07,138,Pune,Pending,4
ORD1014,CUST1128,Apple,Fruits,1,183.32,3.31,177.25,2025-01-09,102,Pune,Cancelled,2
ORD1015,CUST1674,Tea,Beverages,4,182.07,0.28,726.24,2025-03-22,150,Kolkata,Cancelled,2
ORD1016,CUST1027,Lotion,Personal Care,3,397.07,1.48,1173.58,2025-08-19,55,Delhi,Pending,1
ORD1017,CUST1573,Paneer,Dairy,1,330.48,6.62,308.6,2025-02-17,165,Mumbai,Delivered,2
ORD1018,CUST1942,Butter,Dairy,5,378.32,12.75,1650.42,2025-02-04,115,Mumbai,Pending,5
ORD1019,CUST1870,Chips,Snacks,3,392.35,11.23,1044.87,2025-09-12,156,Delhi,Cancelled,5
ORD1020,CUST1460,Butter,Dairy,3,285.23,8.55,782.53,2025-02-11,138,Hyderabad,Delivered,1
ORD1021,CUST1899,Lotion,Personal Care,3,64.14,12.73,167.92,2025-02-21,110,Kolkata,Cancelled,3
ORD1022,CUST1035,Butter,Dairy,5,162.18,8.21,744.33,2025-06-20,43,Bangalore,Cancelled,4
ORD1023,CUST1577,Carrot,Vegetables,5,84.64,5.8,398.65,2025-03-27,42,Chennai,Pending,2
ORD1024,CUST1027,Shampoo,Personal Care,2,413.65,12.67,722.48,2025-05-14,42,Bangalore,Pending,1
ORD1025,CUST1472,Energy Drink,Beverages,4,133.96,17.85,440.19,2025-05-08,106,Hyderabad,Pending,1
ORD1026,CUST1972,Lotion,Personal Care,1,172.46,12.95,150.13,2025-05-01,130,Chennai,Cancelled,1
ORD1027,CUST1676,Spinach,Vegetables,1,187.15,3.29,180.99,2025-05-17,76,Kolkata,Pending,5
ORD1028,CUST1471,Paneer,Dairy,1,103.94,6.75,96.92,2025-06-09,110,Kolkata,Pending,5
ORD1029,CUST1509,Potato,Vegetables,1,231.73,1.3,228.72,2025-02-21,26,Chennai,Delivered,2
ORD1030,CUST1001,Cookies,Snacks,2,370.52,2.96,719.11,2025-03-22,127,Mumbai,Cancelled,2
ORD1031,CUST1402,Orange,Fruits,2,234.97,0.66,466.84,2025-08-12,143,Bangalore,Cancelled,4
ORD1032,CUST1246,Energy Drink,Beverages,2,288.92,8.96,526.07,2025-07-17,174,Chennai,Delivered,5
ORD1033,CUST1279,Chocolate,Snacks,4,86.38,7.39,319.99,2025-09-12,52,Mumbai,Cancelled,5
ORD1034,CUST1608,Onion,Vegetables,5,334.54,12.67,1460.77,2025-08-28,158,Pune,Delivered,5
ORD1035,CUST1763,Shampoo,Personal Care,1,194.35,3.73,187.1,2025-09-16,162,Pune,Delivered,1
ORD1036,CUST1863,Lotion,Personal Care,3,149.11,14.22,383.72,2025-05-27,162,Bangalore,Delivered,3
ORD1037,CUST1871,Onion,Vegetables,4,473.24,7.95,1742.47,2025-02-08,96,Kolkata,Pending,5
ORD1038,CUST1989,Soap,Personal Care,1,354.06,14.7,302.01,2025-05-31,173,Kolkata,Delivered,2
ORD1039,CUST1880,Cheese,Dairy,2,166.07,13.2,288.3,2025-04-22,74,Delhi,Pending,3
ORD1040,CUST1008,Spinach,Vegetables,2,498.31,19.31,804.17,2025-02-06,174,Chennai,Cancelled,5
ORD1041,CUST1151,Onion,Vegetables,1,207.14,14.52,177.06,2025-05-11,162,Hyderabad,Pending,3
ORD1042,CUST1253,Mango,Fruits,1,338.91,1.68,333.22,2025-04-14,98,Kolkata,Pending,3
ORD1043,CUST1913,Orange,Fruits,3,217.53,18.8,529.9,2025-06-02,107,Bangalore,Pending,2
ORD1044,CUST1579,Energy Drink,Beverages,2,268.53,8.97,488.89,2025-06-18,175,Kolkata,Delivered,2
ORD1045,CUST1639,Juice,Beverages,1,272.25,3.58,262.5,2025-05-15,159,Kolkata,Pending,5
ORD1046,CUST1037,Orange,Fruits,1,294.14,10.18,264.2,2025-01-22,172,Chennai,Pending,4
ORD1047,CUST1797,Banana,Fruits,5,269.03,18.12,1101.41,2025-01-27,35,Mumbai,Delivered,5
ORD1048,CUST1515,Popcorn,Snacks,1,309.61,9.85,279.11,2025-10-31,161,Hyderabad,Delivered,4
ORD1049,CUST1476,Soap,Personal Care,3,395.85,0.87,1177.22,2025-06-21,172,Hyderabad,Delivered,5
ORD1050,CUST1348,Apple,Fruits,5,447.57,14.95,1903.29,2025-02-06,38,Mumbai,Cancelled,4
ORD1051,CUST1190,Banana,Fruits,1,298.74,11.45,264.53,2025-07-07,130,Hyderabad,Pending,2
ORD1052,CUST1127,Curd,Dairy,5,223.29,17.02,926.43,2025-09-13,81,Pune,Delivered,4
ORD1053,CUST1871,Chocolate,Snacks,2,300.56,18.72,488.59,2025-02-27,81,Pune,Pending,3
ORD1054,CUST1489,Spinach,Vegetables,2,326.75,19.8,524.11,2025-05-07,169,Pune,Cancelled,2
ORD1055,CUST1476,Soda,Beverages,2,195.15,16.97,324.07,2025-10-26,53,Bangalore,Cancelled,2
ORD1056,CUST1505,Milk,Dairy,2,414.21,16.2,694.22,2025-01-13,74,Mumbai,Delivered,1
ORD1057,CUST1653,Chips,Snacks,1,332.55,3.89,319.61,2025-09-21,158,Kolkata,Delivered,2
ORD1058,CUST1050,Spinach,Vegetables,4,448.98,0.55,1786.04,2025-10-15,100,Bangalore,Pending,1
ORD1059,CUST1569,Spinach,Vegetables,1,119.77,19.64,96.25,2025-05-30,72,Pune,Cancelled,3
ORD1060,CUST1992,Face Wash,Personal Care,1,66.81,16.45,55.82,2025-02-23,115,Kolkata,Cancelled,3
ORD1061,CUST1876,Tomato,Vegetables,5,172.19,19.31,694.7,2025-04-13,20,Hyderabad,Cancelled,4
ORD1062,CUST1369,Banana,Fruits,4,235.11,13.99,808.87,2025-05-24,27,Mumbai,Pending,1
ORD1063,CUST1786,Soda,Beverages,4,371.57,0.82,1474.09,2025-04-30,77,Chennai,Delivered,3
ORD1064,CUST1790,Lotion,Personal Care,4,384.82,5.02,1462.01,2025-04-27,76,Mumbai,Cancelled,3
ORD1065,CUST1750,Milk,Dairy,1,359.82,1.16,355.65,2025-05-02,15,Mumbai,Pending,4
ORD1066,CUST1896,Energy Drink,Beverages,2,157.9,1.88,309.86,2025-03-30,131,Chennai,Delivered,1
ORD1067,CUST1246,Popcorn,Snacks,5,382.05,11.09,1698.4,2025-10-05,107,Hyderabad,Delivered,4
ORD1068,CUST1973,Juice,Beverages,3,161.48,7.12,449.95,2025-03-27,43,Delhi,Cancelled,1
ORD1069,CUST1217,Milk,Dairy,4,70.7,0.81,280.51,2025-08-26,158,Chennai,Pending,5
ORD1070,CUST1022,Face Wash,Personal Care,2,271.23,9.47,491.09,2025-10-16,115,Chennai,Pending,1
ORD1071,CUST1761,Spinach,Vegetables,2,327.13,12.7,571.17,2025-10-17,152,Pune,Pending,3
ORD1072,CUST1791,Spinach,Vegetables,3,276.41,17.13,687.18,2025-01-04,30,Bangalore,Cancelled,3
ORD1073,CUST1689,Paneer,Dairy,2,61.93,11.72,109.34,2025-06-01,154,Mumbai,Delivered,5
ORD1074,CUST1267,Juice,Beverages,3,339.48,9.17,925.05,2025-06-28,115,Pune,Pending,1
ORD1075,CUST1284,Tea,Beverages,3,419.19,13.03,1093.71,2025-02-12,58,Delhi,Delivered,1
ORD1076,CUST1726,Juice,Beverages,5,146.57,7.55,677.52,2025-09-10,49,Delhi,Pending,3
ORD1077,CUST1114,Chocolate,Snacks,1,345.08,7.71,318.47,2025-03-31,176,Kolkata,Cancelled,4
ORD1078,CUST1412,Coffee,Beverages,1,273.22,13.86,235.35,2025-04-24,89,Kolkata,Pending,5
ORD1079,CUST1868,Face Wash,Personal Care,4,238.08,19.35,768.05,2025-06-13,152,Bangalore,Pending,5
ORD1080,CUST1977,Cheese,Dairy,1,305.83,11.52,270.6,2025-04-09,50,Kolkata,Delivered,1
ORD1081,CUST1779,Juice,Beverages,1,399.39,6.82,372.15,2025-07-09,51,Mumbai,Pending,2
ORD1082,CUST1880,Grapes,Fruits,1,355.93,14.8,303.25,2025-10-13,31,Bangalore,Pending,5
ORD1083,CUST1176,Tomato,Vegetables,4,421.91,6.4,1579.63,2025-07-06,33,Kolkata,Delivered,4
ORD1084,CUST1454,Energy Drink,Beverages,4,54.88,18.11,179.76,2025-03-17,23,Delhi,Pending,1
ORD1085,CUST1068,Chocolate,Snacks,4,477.53,19.01,1547.01,2025-05-24,131,Chennai,Delivered,4
ORD1086,CUST1143,Popcorn,Snacks,3,321.1,11.07,856.66,2025-02-22,165,Chennai,Delivered,2
ORD1087,CUST1222,Face Wash,Personal Care,1,101.06,18.62,82.24,2025-07-05,156,Kolkata,Pending,3
ORD1088,CUST1657,Onion,Vegetables,2,248.69,17.75,409.1,2025-08-23,89,Mumbai,Pending,3
ORD1089,CUST1173,Chips,Snacks,4,359.61,16.74,1197.65,2025-09-10,21,Delhi,Delivered,5
ORD1090,CUST1193,Toothpaste,Personal Care,5,150.16,7.93,691.26,2025-10-10,136,Mumbai,Delivered,2
ORD1091,CUST1832,Face Wash,Personal Care,5,281.0,4.66,1339.53,2025-05-16,123,Chennai,Cancelled,3
ORD1092,CUST1803,Potato,Vegetables,4,156.51,18.15,512.41,2025-10-28,146,Hyderabad,Cancelled,2
ORD1093,CUST1713,Shampoo,Personal Care,4,87.58,15.54,295.88,2025-07-01,105,Hyderabad,Cancelled,5
ORD1094,CUST1753,Cheese,Dairy,2,198.61,8.69,362.7,2025-06-22,155,Chennai,Delivered,1
ORD1095,CUST1972,Lotion,Personal Care,4,307.16,14.82,1046.56,2025-01-01,145,Bangalore,Pending,4
ORD1096,CUST1057,Orange,Fruits,4,482.98,7.5,1787.03,2025-04-27,148,Delhi,Delivered,3
ORD1097,CUST1079,Toothpaste,Personal Care,4,490.06,11.12,1742.26,2025-10-30,163,Pune,Cancelled,4
ORD1098,CUST1531,Cookies,Snacks,5,496.83,1.48,2447.38,2025-08-15,161,Mumbai,Pending,1
ORD1099,CUST1414,Shampoo,Personal Care,1,285.39,12.59,249.46,2025-01-14,157,Chennai,Delivered,1
ORD1100,CUST1329,Orange,Fruits,1,332.4,11.69,293.54,2025-05-24,26,Pune,Delivered,2
ORD1101,CUST1675,Carrot,Vegetables,4,98.04,6.71,365.85,2025-05-02,106,Mumbai,Pending,4
ORD1102,CUST1040,Namkeen,Snacks,2,224.72,4.59,428.81,2025-01-28,115,Chennai,Cancelled,2
ORD1103,CUST1723,Grapes,Fruits,4,493.79,13.96,1699.43,2025-05-25,175,Hyderabad,Delivered,3
ORD1104,CUST1252,Cookies,Snacks,5,358.13,3.25,1732.45,2025-02-15,49,Mumbai,Delivered,4
ORD1105,CUST1797,Curd,Dairy,2,237.49,11.62,419.79,2025-01-10,70,Kolkata,Pending,4
ORD1106,CUST1064,Cheese,Dairy,2,298.21,3.3,576.74,2025-10-16,132,Hyderabad,Delivered,4
ORD1107,CUST1216,Soda,Beverages,2,494.27,3.01,958.78,2025-10-09,77,Pune,Cancelled,3
ORD1108,CUST1098,Energy Drink,Beverages,3,428.95,16.77,1071.05,2025-04-08,119,Chennai,Cancelled,2
ORD1109,CUST1644,Apple,Fruits,1,56.15,1.51,55.3,2025-07-16,109,Pune,Cancelled,5
ORD1110,CUST1144,Cheese,Dairy,3,299.94,15.38,761.43,2025-06-14,97,Pune,Pending,5
ORD1111,CUST1445,Energy Drink,Beverages,5,252.74,2.58,1231.1,2025-02-20,18,Chennai,Delivered,4
ORD1112,CUST1550,Onion,Vegetables,1,352.27,12.36,308.73,2025-04-05,86,Delhi,Delivered,4
ORD1113,CUST1305,Coffee,Beverages,2,274.17,9.52,496.14,2025-09-16,137,Mumbai,Cancelled,2
ORD1114,CUST1400,Mango,Fruits,4,417.37,19.36,1346.27,2025-08-10,71,Delhi,Pending,4
ORD1115,CUST1305,Lotion,Personal Care,5,329.14,14.08,1413.99,2025-04-13,52,Bangalore,Pending,2
ORD1116,CUST1541,Shampoo,Personal Care,2,336.49,11.1,598.28,2025-09-06,93,Pune,Pending,3
ORD1117,CUST1329,Tea,Beverages,2,438.06,18.99,709.74,2025-05-18,159,Bangalore,Cancelled,3
ORD1118,CUST1052,Toothpaste,Personal Care,1,166.21,9.18,150.95,2025-02-03,20,Chennai,Cancelled,1
ORD1119,CUST1110,Orange,Fruits,2,197.94,12.67,345.72,2025-08-28,129,Pune,Cancelled,1
ORD1120,CUST1359,Tea,Beverages,1,257.05,11.7,226.98,2025-01-08,146,Hyderabad,Cancelled,3
ORD1121,CUST1092,Popcorn,Snacks,4,205.55,17.94,674.7,2025-07-14,169,Delhi,Cancelled,1
ORD1122,CUST1465,Tea,Beverages,2,320.87,4.48,612.99,2025-10-04,19,Chennai,Cancelled,4
ORD1123,CUST1232,Soda,Beverages,4,206.43,0.64,820.44,2025-01-01,147,Bangalore,Cancelled,5
ORD1124,CUST1922,Mango,Fruits,4,142.85,7.29,529.74,2025-03-19,59,Chennai,Pending,5
ORD1125,CUST1349,Chips,Snacks,1,91.53,9.62,82.72,2025-08-02,70,Pune,Pending,4
ORD1126,CUST1256,Butter,Dairy,3,464.39,1.22,1376.17,2025-01-26,50,Delhi,Cancelled,1
ORD1127,CUST1055,Banana,Fruits,1,318.78,19.73,255.88,2025-10-30,141,Hyderabad,Delivered,4
ORD1128,CUST1698,Chips,Snacks,2,391.98,10.63,700.63,2025-06-03,28,Pune,Pending,1
ORD1129,CUST1750,Popcorn,Snacks,3,371.01,17.9,913.8,2025-08-26,121,Chennai,Pending,2
ORD1130,CUST1014,Tea,Beverages,4,98.23,8.95,357.75,2025-08-15,129,Chennai,Delivered,4
ORD1131,CUST1230,Butter,Dairy,1,381.83,3.65,367.89,2025-02-08,31,Bangalore,Pending,1
ORD1132,CUST1579,Tomato,Vegetables,2,290.9,4.66,554.69,2025-01-13,39,Hyderabad,Pending,5
ORD1133,CUST1469,Carrot,Vegetables,2,405.13,9.97,729.48,2025-04-21,125,Mumbai,Pending,1
ORD1134,CUST1553,Chocolate,Snacks,2,300.98,11.73,531.35,2025-08-24,97,Delhi,Delivered,4
ORD1135,CUST1876,Popcorn,Snacks,1,201.85,17.99,165.54,2025-08-14,73,Chennai,Delivered,2
ORD1136,CUST1502,Soap,Personal Care,5,470.16,0.15,2347.27,2025-10-04,84,Bangalore,Pending,4
ORD1137,CUST1822,Namkeen,Snacks,4,432.87,1.76,1701.01,2025-04-05,166,Chennai,Cancelled,4
ORD1138,CUST1919,Grapes,Fruits,1,86.11,10.49,77.08,2025-02-09,50,Mumbai,Pending,3
ORD1139,CUST1880,Tomato,Vegetables,2,309.2,18.35,504.92,2025-05-14,132,Bangalore,Delivered,5
ORD1140,CUST1025,Energy Drink,Beverages,3,419.39,14.37,1077.37,2025-07-22,150,Hyderabad,Delivered,2
ORD1141,CUST1786,Tea,Beverages,3,427.36,4.1,1229.51,2025-04-28,82,Chennai,Cancelled,3
ORD1142,CUST1089,Coffee,Beverages,4,278.42,4.85,1059.67,2025-02-16,15,Delhi,Pending,1
ORD1143,CUST1901,Cheese,Dairy,5,277.75,18.64,1129.89,2025-09-16,175,Hyderabad,Pending,1
ORD1144,CUST1012,Chips,Snacks,2,254.42,10.97,453.02,2025-05-18,144,Kolkata,Cancelled,2
ORD1145,CUST1970,Grapes,Fruits,2,89.54,2.78,174.1,2025-09-30,23,Bangalore,Pending,4
ORD1146,CUST1884,Tomato,Vegetables,3,206.99,18.59,505.53,2025-08-24,92,Delhi,Cancelled,4
ORD1147,CUST1295,Juice,Beverages,3,472.25,3.62,1365.46,2025-02-04,15,Pune,Pending,1
ORD1148,CUST1827,Soap,Personal Care,4,428.82,2.8,1667.25,2025-08-17,28,Pune,Cancelled,1
ORD1149,CUST1573,Milk,Dairy,3,123.92,16.29,311.2,2025-03-19,168,Chennai,Pending,2
ORD1150,CUST1294,Popcorn,Snacks,4,192.29,11.77,678.63,2025-10-23,86,Mumbai,Delivered,4
ORD1151,CUST1992,Grapes,Fruits,3,330.85,10.8,885.35,2025-03-04,157,Bangalore,Pending,5
ORD1152,CUST1946,Cheese,Dairy,1,209.91,7.83,193.47,2025-04-14,118,Mumbai,Cancelled,3
ORD1153,CUST1447,Paneer,Dairy,3,244.19,6.66,683.78,2025-06-28,56,Bangalore,Cancelled,4
ORD1154,CUST1419,Cheese,Dairy,4,407.31,12.4,1427.21,2025-08-19,169,Hyderabad,Cancelled,4
ORD1155,CUST1833,Lotion,Personal Care,5,118.25,6.23,554.42,2025-10-16,100,Kolkata,Cancelled,3
ORD1156,CUST1908,Soda,Beverages,2,272.29,15.09,462.4,2025-04-28,52,Delhi,Cancelled,1
ORD1157,CUST1647,Butter,Dairy,4,255.65,12.08,899.07,2025-01-15,171,Mumbai,Delivered,3
ORD1158,CUST1410,Popcorn,Snacks,5,268.86,8.18,1234.34,2025-06-22,144,Mumbai,Delivered,3
ORD1159,CUST1068,Chocolate,Snacks,3,362.28,10.85,968.92,2025-10-26,41,Bangalore,Delivered,5
ORD1160,CUST1711,Potato,Vegetables,4,131.72,18.17,431.15,2025-02-07,148,Bangalore,Delivered,4
ORD1161,CUST1957,Curd,Dairy,2,476.28,3.07,923.32,2025-05-21,118,Bangalore,Cancelled,1
ORD1162,CUST1323,Orange,Fruits,2,325.15,0.36,647.96,2025-06-20,114,Pune,Pending,4
ORD1163,CUST1798,Potato,Vegetables,5,465.12,14.14,1996.76,2025-04-16,106,Chennai,Cancelled,5
ORD1164,CUST1725,Curd,Dairy,2,81.01,1.55,159.51,2025-10-23,55,Hyderabad,Delivered,5
ORD1165,CUST1181,Butter,Dairy,3,252.88,2.26,741.49,2025-04-20,178,Delhi,Delivered,1
ORD1166,CUST1136,Curd,Dairy,1,199.47,6.23,187.04,2025-05-29,67,Bangalore,Delivered,2
ORD1167,CUST1243,Chips,Snacks,2,411.28,0.09,821.82,2025-10-18,77,Chennai,Delivered,4
ORD1168,CUST1346,Cheese,Dairy,1,438.58,18.46,357.62,2025-07-29,176,Hyderabad,Cancelled,3
ORD1169,CUST1024,Curd,Dairy,1,314.18,0.66,312.11,2025-09-08,166,Mumbai,Cancelled,4
ORD1170,CUST1062,Tomato,Vegetables,4,238.52,18.3,779.48,2025-06-26,43,Mumbai,Pending,3
ORD1171,CUST1083,Energy Drink,Beverages,3,334.52,0.26,1000.95,2025-02-18,95,Pune,Delivered,1
ORD1172,CUST1560,Orange,Fruits,1,116.9,8.29,107.21,2025-03-04,118,Hyderabad,Delivered,2
ORD1173,CUST1031,Chips,Snacks,1,189.47,7.95,174.41,2025-07-30,76,Bangalore,Delivered,2
ORD1174,CUST1017,Namkeen,Snacks,5,331.24,7.55,1531.16,2025-05-24,33,Chennai,Delivered,3
ORD1175,CUST1113,Banana,Fruits,1,398.99,9.07,362.8,2025-07-13,127,Delhi,Delivered,4
ORD1176,CUST1642,Chocolate,Snacks,3,119.86,3.64,346.49,2025-02-24,117,Chennai,Delivered,2
ORD1177,CUST1475,Onion,Vegetables,2,171.84,12.88,299.41,2025-03-28,69,Mumbai,Pending,3
ORD1178,CUST1983,Carrot,Vegetables,2,440.15,8.16,808.47,2025-09-04,81,Kolkata,Pending,4
ORD1179,CUST1050,Potato,Vegetables,3,277.48,11.9,733.38,2025-09-06,81,Hyderabad,Cancelled,1
ORD1180,CUST1087,Face Wash,Personal Care,1,300.52,14.42,257.19,2025-10-18,110,Chennai,Pending,1
ORD1181,CUST1734,Carrot,Vegetables,3,483.19,18.89,1175.75,2025-07-01,156,Mumbai,Delivered,2
ORD1182,CUST1146,Banana,Fruits,2,55.85,1.71,109.79,2025-05-31,99,Chennai,Delivered,5
ORD1183,CUST1896,Soda,Beverages,5,444.4,12.86,1936.25,2025-03-23,16,Mumbai,Delivered,3
ORD1184,CUST1395,Chips,Snacks,5,203.82,5.19,966.21,2025-07-14,133,Chennai,Delivered,5
ORD1185,CUST1225,Toothpaste,Personal Care,4,330.87,8.19,1215.09,2025-08-10,151,Pune,Delivered,3
ORD1186,CUST1713,Potato,Vegetables,5,182.51,18.97,739.44,2025-10-07,95,Pune,Pending,1
ORD1187,CUST1114,Coffee,Beverages,3,452.55,16.0,1140.43,2025-07-28,128,Chennai,Cancelled,2
ORD1188,CUST1358,Soda,Beverages,1,170.9,10.83,152.39,2025-08-25,39,Pune,Cancelled,2
ORD1189,CUST1441,Coffee,Beverages,1,112.71,16.7,93.89,2025-01-04,168,Chennai,Delivered,1
ORD1190,CUST1145,Carrot,Vegetables,5,127.26,5.45,601.62,2025-03-16,84,Bangalore,Pending,3
ORD1191,CUST1676,Spinach,Vegetables,5,416.77,9.96,1876.3,2025-02-03,31,Mumbai,Pending,3
ORD1192,CUST1341,Orange,Fruits,1,273.86,14.4,234.42,2025-04-27,120,Mumbai,Delivered,3
ORD1193,CUST1267,Chocolate,Snacks,5,168.66,5.33,798.35,2025-08-07,112,Mumbai,Cancelled,3
ORD1194,CUST1921,Cookies,Snacks,5,349.27,3.51,1685.05,2025-06-22,159,Pune,Delivered,4
ORD1195,CUST1821,Juice,Beverages,5,222.41,10.38,996.62,2025-03-05,144,Bangalore,Pending,4
ORD1196,CUST1148,Apple,Fruits,3,132.97,1.81,391.69,2025-10-09,43,Pune,Cancelled,2
ORD1197,CUST1743,Curd,Dairy,3,179.91,7.11,501.36,2025-04-23,53,Mumbai,Pending,1
ORD1198,CUST1068,Namkeen,Snacks,3,477.19,7.93,1318.05,2025-06-01,164,Hyderabad,Cancelled,4
ORD1199,CUST1957,Curd,Dairy,1,171.46,10.8,152.94,2025-08-15,95,Hyderabad,Pending,1
ORD1200,CUST1712,Grapes,Fruits,3,318.58,6.68,891.9,2025-06-03,87,Bangalore,Pending,4
ORD1201,CUST1024,Juice,Beverages,1,235.76,14.1,202.52,2025-04-14,56,Bangalore,Delivered,3
ORD1202,CUST1865,Juice,Beverages,3,418.6,15.99,1055.0,2025-06-21,116,Delhi,Cancelled,1
ORD1203,CUST1329,Popcorn,Snacks,4,212.44,1.83,834.21,2025-11-01,31,Delhi,Cancelled,5
ORD1204,CUST1775,Mango,Fruits,1,250.7,3.7,241.42,2025-03-21,97,Delhi,Delivered,1
ORD1205,CUST1465,Potato,Vegetables,5,391.57,14.48,1674.35,2025-07-17,39,Kolkata,Cancelled,2
ORD1206,CUST1287,Lotion,Personal Care,1,341.0,13.86,293.74,2025-01-26,61,Bangalore,Pending,3
ORD1207,CUST1249,Toothpaste,Personal Care,2,314.72,19.99,503.61,2025-10-09,100,Pune,Cancelled,1
ORD1208,CUST1222,Grapes,Fruits,5,378.96,3.85,1821.85,2025-08-03,96,Chennai,Delivered,2
ORD1209,CUST1525,Carrot,Vegetables,4,430.05,6.38,1610.45,2025-04-13,31,Chennai,Cancelled,5
ORD1210,CUST1170,Soap,Personal Care,3,302.3,9.62,819.66,2025-05-11,51,Bangalore,Cancelled,3
ORD1211,CUST1496,Toothpaste,Personal Care,2,376.15,1.31,742.44,2025-01-15,134,Pune,Delivered,3
ORD1212,CUST1015,Cheese,Dairy,4,405.83,6.38,1519.75,2025-07-29,175,Bangalore,Cancelled,2
ORD1213,CUST1413,Namkeen,Snacks,5,327.14,4.66,1559.48,2025-08-15,48,Pune,Cancelled,4
ORD1214,CUST1038,Coffee,Beverages,3,443.62,10.58,1190.06,2025-04-06,137,Pune,Pending,2
ORD1215,CUST1439,Curd,Dairy,4,73.71,1.77,289.62,2025-09-02,30,Pune,Delivered,5
ORD1216,CUST1428,Toothpaste,Personal Care,4,492.84,15.37,1668.36,2025-03-06,17,Delhi,Delivered,1
ORD1217,CUST1398,Chocolate,Snacks,2,183.34,4.67,349.56,2025-06-02,87,Chennai,Cancelled,5
ORD1218,CUST1060,Shampoo,Personal Care,1,226.23,2.49,220.6,2025-07-06,51,Hyderabad,Pending,5
ORD1219,CUST1010,Soap,Personal Care,5,90.23,8.35,413.48,2025-10-29,102,Kolkata,Pending,1
ORD1220,CUST1583,Cheese,Dairy,5,495.13,14.87,2107.52,2025-09-17,73,Kolkata,Pending,1
ORD1221,CUST1329,Grapes,Fruits,4,427.02,4.61,1629.34,2025-08-31,124,Delhi,Cancelled,1
ORD1222,CUST1887,Cheese,Dairy,3,129.44,4.41,371.2,2025-08-29,17,Pune,Delivered,4
ORD1223,CUST1098,Grapes,Fruits,5,76.03,19.38,306.48,2025-06-26,23,Chennai,Pending,4
ORD1224,CUST1061,Coffee,Beverages,4,497.71,3.48,1921.56,2025-06-27,96,Pune,Delivered,5
ORD1225,CUST1892,Potato,Vegetables,1,119.25,16.32,99.79,2025-09-26,134,Mumbai,Cancelled,4
ORD1226,CUST1616,Curd,Dairy,1,316.82,11.6,280.07,2025-04-08,25,Kolkata,Pending,5
ORD1227,CUST1737,Energy Drink,Beverages,3,172.83,9.53,469.08,2025-07-14,167,Mumbai,Cancelled,5
ORD1228,CUST1394,Face Wash,Personal Care,4,65.94,6.58,246.4,2025-01-25,19,Bangalore,Cancelled,1
ORD1229,CUST1250,Soda,Beverages,3,176.63,5.05,503.13,2025-02-07,86,Chennai,Delivered,2
ORD1230,CUST1687,Carrot,Vegetables,5,71.95,10.65,321.44,2025-02-06,74,Bangalore,Delivered,4
ORD1231,CUST1300,Coffee,Beverages,5,452.52,19.83,1813.93,2025-04-24,54,Kolkata,Cancelled,4
ORD1232,CUST1039,Paneer,Dairy,5,457.93,11.43,2027.94,2025-02-09,112,Bangalore,Pending,1
ORD1233,CUST1335,Soda,Beverages,3,439.02,14.68,1123.72,2025-08-04,161,Delhi,Delivered,1
ORD1234,CUST1362,Soap,Personal Care,4,432.76,17.35,1430.7,2025-06-18,27,Kolkata,Cancelled,3
ORD1235,CUST1421,Orange,Fruits,5,363.86,13.6,1571.88,2025-07-10,169,Hyderabad,Pending,2
ORD1236,CUST1534,Chips,Snacks,4,121.37,17.62,399.94,2025-09-06,45,Mumbai,Cancelled,3
ORD1237,CUST1926,Milk,Dairy,2,107.99,6.7,201.51,2025-06-07,53,Bangalore,Delivered,4
ORD1238,CUST1961,Spinach,Vegetables,2,418.09,16.64,697.04,2025-01-12,53,Delhi,Cancelled,5
ORD1239,CUST1222,Toothpaste,Personal Care,5,327.62,19.62,1316.7,2025-01-17,118,Mumbai,Pending,4
ORD1240,CUST1466,Potato,Vegetables,2,335.3,10.8,598.18,2025-06-12,84,Mumbai,Pending,2
ORD1241,CUST1221,Coffee,Beverages,2,244.51,16.8,406.86,2025-03-01,93,Bangalore,Cancelled,3
ORD1242,CUST1730,Carrot,Vegetables,5,96.13,18.74,390.58,2025-08-30,82,Kolkata,Delivered,3
ORD1243,CUST1473,Paneer,Dairy,1,396.94,14.17,340.69,2025-07-12,36,Kolkata,Cancelled,3
ORD1244,CUST1715,Toothpaste,Personal Care,3,433.59,19.8,1043.22,2025-06-24,43,Kolkata,Cancelled,5
ORD1245,CUST1906,Toothpaste,Personal Care,4,341.41,11.89,1203.27,2025-01-07,43,Pune,Pending,3
ORD1246,CUST1481,Tomato,Vegetables,1,195.62,9.77,176.51,2025-02-27,40,Chennai,Cancelled,4
ORD1247,CUST1886,Popcorn,Snacks,2,498.71,8.52,912.44,2025-02-08,29,Bangalore,Cancelled,5
ORD1248,CUST1021,Potato,Vegetables,5,362.16,4.42,1730.76,2025-05-10,98,Mumbai,Cancelled,1
ORD1249,CUST1988,Cheese,Dairy,3,172.97,19.02,420.21,2025-08-24,106,Kolkata,Cancelled,4
ORD1250,CUST1658,Orange,Fruits,5,459.29,17.15,1902.61,2025-03-25,20,Bangalore,Pending,2
ORD1251,CUST1933,Cheese,Dairy,1,249.03,6.24,233.49,2025-02-27,138,Kolkata,Cancelled,2
ORD1252,CUST1523,Cookies,Snacks,2,145.9,0.62,289.99,2025-10-08,38,Delhi,Delivered,4
ORD1253,CUST1429,Tomato,Vegetables,2,438.96,9.46,794.87,2025-03-13,74,Chennai,Pending,4
ORD1254,CUST1685,Milk,Dairy,1,440.88,15.53,372.41,2025-03-20,41,Chennai,Pending,3
ORD1255,CUST1827,Mango,Fruits,2,392.46,12.52,686.65,2025-06-30,38,Delhi,Cancelled,3
ORD1256,CUST1893,Popcorn,Snacks,2,327.49,15.93,550.64,2025-06-02,31,Bangalore,Delivered,2
ORD1257,CUST1385,Toothpaste,Personal Care,4,161.39,11.17,573.45,2025-08-02,131,Pune,Cancelled,5
ORD1258,CUST1989,Soap,Personal Care,3,492.96,2.99,1434.66,2025-10-04,32,Delhi,Delivered,2
ORD1259,CUST1300,Paneer,Dairy,2,265.97,12.0,468.11,2025-02-01,25,Bangalore,Pending,2
ORD1260,CUST1552,Orange,Fruits,1,437.06,15.6,368.88,2025-09-24,102,Kolkata,Delivered,5
ORD1261,CUST1085,Popcorn,Snacks,1,96.26,11.42,85.27,2025-03-21,68,Mumbai,Cancelled,1
ORD1262,CUST1001,Apple,Fruits,4,366.11,11.19,1300.57,2025-08-30,111,Bangalore,Cancelled,2
ORD1263,CUST1665,Paneer,Dairy,1,89.54,7.01,83.26,2025-03-18,130,Pune,Pending,4
ORD1264,CUST1993,Popcorn,Snacks,2,489.86,4.02,940.34,2025-05-02,157,Bangalore,Delivered,3
ORD1265,CUST1008,Face Wash,Personal Care,2,125.37,2.09,245.5,2025-05-03,148,Delhi,Delivered,3
ORD1266,CUST1839,Tea,Beverages,1,73.39,10.83,65.44,2025-07-23,22,Bangalore,Pending,3
ORD1267,CUST1006,Milk,Dairy,2,331.39,15.67,558.92,2025-04-21,141,Pune,Pending,3
ORD1268,CUST1894,Curd,Dairy,3,452.67,10.95,1209.31,2025-01-22,168,Bangalore,Pending,5
ORD1269,CUST1086,Soap,Personal Care,3,68.34,3.28,198.3,2025-01-14,26,Mumbai,Delivered,5
ORD1270,CUST1566,Energy Drink,Beverages,4,121.8,17.44,402.23,2025-05-02,161,Chennai,Pending,5
ORD1271,CUST1306,Mango,Fruits,4,384.93,17.44,1271.19,2025-07-02,46,Hyderabad,Delivered,3
ORD1272,CUST1351,Cookies,Snacks,4,299.91,14.38,1027.13,2025-05-30,51,Kolkata,Delivered,1
ORD1273,CUST1444,Shampoo,Personal Care,1,271.97,1.63,267.54,2025-08-31,49,Chennai,Cancelled,4
ORD1274,CUST1724,Cookies,Snacks,5,238.28,4.07,1142.91,2025-11-01,108,Chennai,Cancelled,2
ORD1275,CUST1381,Curd,Dairy,2,384.22,8.51,703.05,2025-01-04,122,Kolkata,Cancelled,3
ORD1276,CUST1419,Cookies,Snacks,4,277.18,10.87,988.2,2025-04-06,119,Hyderabad,Cancelled,3
ORD1277,CUST1417,Curd,Dairy,2,376.37,9.73,679.5,2025-03-07,93,Hyderabad,Delivered,5
ORD1278,CUST1267,Coffee,Beverages,4,239.77,5.54,905.95,2025-07-05,139,Bangalore,Pending,4
ORD1279,CUST1793,Chips,Snacks,3,330.33,12.63,865.83,2025-08-13,113,Bangalore,Cancelled,1
ORD1280,CUST1001,Curd,Dairy,4,459.06,3.59,1770.32,2025-01-14,92,Hyderabad,Pending,1
ORD1281,CUST1503,Orange,Fruits,5,434.47,9.85,1958.37,2025-04-21,28,Hyderabad,Cancelled,3
ORD1282,CUST1856,Grapes,Fruits,1,348.18,1.91,341.53,2025-05-25,137,Kolkata,Cancelled,2
ORD1283,CUST1300,Cookies,Snacks,1,229.57,17.16,190.18,2025-09-18,178,Chennai,Delivered,3
ORD1284,CUST1777,Face Wash,Personal Care,3,447.67,8.84,1224.29,2025-03-21,107,Hyderabad,Pending,1
ORD1285,CUST1682,Tea,Beverages,4,423.0,8.62,1546.15,2025-10-03,22,Bangalore,Pending,1
ORD1286,CUST1106,Paneer,Dairy,4,368.05,3.34,1423.03,2025-10-11,135,Hyderabad,Pending,5
ORD1287,CUST1555,Soap,Personal Care,5,210.53,10.67,940.33,2025-11-01,134,Delhi,Delivered,1
ORD1288,CUST1881,Face Wash,Personal Care,4,438.9,11.16,1559.68,2025-09-08,162,Hyderabad,Cancelled,4
ORD1289,CUST1000,Energy Drink,Beverages,2,105.34,4.62,200.95,2025-10-09,43,Bangalore,Pending,4
ORD1290,CUST1489,Orange,Fruits,3,253.49,18.68,618.41,2025-06-10,26,Mumbai,Delivered,2
ORD1291,CUST1993,Shampoo,Personal Care,4,493.98,19.3,1594.57,2025-10-26,140,Mumbai,Cancelled,4
ORD1292,CUST1427,Potato,Vegetables,1,337.6,17.36,278.99,2025-08-11,165,Hyderabad,Cancelled,4
ORD1293,CUST1374,Juice,Beverages,4,106.58,2.65,415.02,2025-08-22,138,Hyderabad,Cancelled,4
ORD1294,CUST1357,Potato,Vegetables,2,134.76,14.62,230.12,2025-06-06,110,Bangalore,Delivered,1
ORD1295,CUST1118,Butter,Dairy,5,483.51,5.11,2294.01,2025-07-12,69,Kolkata,Pending,2
ORD1296,CUST1647,Chips,Snacks,2,218.43,0.35,435.33,2025-05-25,40,Delhi,Pending,3
ORD1297,CUST1000,Potato,Vegetables,1,63.67,18.62,51.81,2025-10-29,47,Pune,Delivered,5
ORD1298,CUST1360,Spinach,Vegetables,3,473.39,16.54,1185.27,2025-10-31,83,Mumbai,Pending,2
ORD1299,CUST1584,Carrot,Vegetables,2,206.86,3.19,400.52,2025-07-11,77,Delhi,Delivered,4
ORD1300,CUST1158,Banana,Fruits,1,233.11,17.42,192.5,2025-03-14,91,Mumbai,Delivered,5
ORD1301,CUST1613,Carrot,Vegetables,1,99.1,13.01,86.21,2025-04-12,146,Mumbai,Delivered,1
ORD1302,CUST1364,Energy Drink,Beverages,3,413.53,15.25,1051.4,2025-10-06,97,Delhi,Cancelled,2
ORD1303,CUST1064,Spinach,Vegetables,3,219.05,5.94,618.12,2025-03-30,157,Mumbai,Pending,3
ORD1304,CUST1304,Orange,Fruits,4,324.42,11.27,1151.43,2025-04-03,175,Hyderabad,Delivered,3
ORD1305,CUST1967,Milk,Dairy,1,249.99,0.29,249.27,2025-09-24,113,Mumbai,Cancelled,5
ORD1306,CUST1327,Chips,Snacks,2,391.7,10.01,704.98,2025-03-26,40,Kolkata,Delivered,1
ORD1307,CUST1011,Face Wash,Personal Care,2,265.63,0.51,528.55,2025-06-03,167,Delhi,Pending,1
ORD1308,CUST1042,Energy Drink,Beverages,5,229.47,11.6,1014.26,2025-10-27,29,Chennai,Pending,5
ORD1309,CUST1618,Mango,Fruits,2,371.97,10.42,666.42,2025-01-21,165,Chennai,Delivered,3
ORD1310,CUST1782,Cheese,Dairy,5,454.11,4.87,2159.97,2025-07-22,65,Hyderabad,Cancelled,4
ORD1311,CUST1892,Grapes,Fruits,4,470.5,7.03,1749.7,2025-10-17,92,Bangalore,Cancelled,4
ORD1312,CUST1750,Spinach,Vegetables,4,165.55,5.7,624.45,2025-01-27,171,Bangalore,Delivered,1
ORD1313,CUST1001,Juice,Beverages,4,292.62,6.23,1097.56,2025-06-07,160,Delhi,Cancelled,4
ORD1314,CUST1107,Tea,Beverages,1,489.53,16.46,408.95,2025-09-20,109,Mumbai,Delivered,4
ORD1315,CUST1951,Tomato,Vegetables,2,409.9,3.69,789.55,2025-08-29,56,Bangalore,Delivered,4
ORD1316,CUST1684,Popcorn,Snacks,4,241.04,1.74,947.38,2025-06-21,134,Mumbai,Cancelled,3
ORD1317,CUST1725,Namkeen,Snacks,2,100.54,0.05,200.98,2025-04-28,35,Bangalore,Pending,1
ORD1318,CUST1632,Paneer,Dairy,4,152.64,4.24,584.67,2025-01-10,136,Bangalore,Cancelled,3
ORD1319,CUST1858,Curd,Dairy,5,457.65,15.4,1935.86,2025-02-18,168,Chennai,Cancelled,5
ORD1320,CUST1166,Mango,Fruits,5,185.93,14.64,793.55,2025-04-10,74,Mumbai,Delivered,4
ORD1321,CUST1686,Chocolate,Snacks,2,414.29,15.33,701.56,2025-08-30,83,Kolkata,Cancelled,3
ORD1322,CUST1976,Toothpaste,Personal Care,1,381.59,17.26,315.73,2025-04-29,163,Mumbai,Delivered,4
ORD1323,CUST1649,Cookies,Snacks,5,338.89,12.14,1488.74,2025-06-09,25,Delhi,Delivered,2
ORD1324,CUST1769,Tea,Beverages,1,225.91,11.89,199.05,2025-09-11,167,Delhi,Delivered,3
ORD1325,CUST1636,Popcorn,Snacks,3,318.67,13.52,826.76,2025-02-11,132,Delhi,Cancelled,3
ORD1326,CUST1530,Lotion,Personal Care,1,361.6,19.83,289.89,2025-07-07,60,Mumbai,Delivered,3
ORD1327,CUST1035,Spinach,Vegetables,4,375.95,11.57,1329.81,2025-06-16,123,Chennai,Cancelled,2
ORD1328,CUST1890,Milk,Dairy,5,452.39,3.84,2175.09,2025-05-16,111,Pune,Delivered,1
ORD1329,CUST1427,Tomato,Vegetables,1,327.72,8.85,298.72,2025-05-10,19,Hyderabad,Cancelled,2
ORD1330,CUST1066,Tomato,Vegetables,3,338.08,5.42,959.27,2025-07-19,64,Pune,Delivered,2
ORD1331,CUST1613,Onion,Vegetables,4,195.95,6.66,731.6,2025-05-10,16,Delhi,Cancelled,5
ORD1332,CUST1661,Chips,Snacks,1,497.97,8.93,453.5,2025-04-26,22,Bangalore,Cancelled,2
ORD1333,CUST1310,Toothpaste,Personal Care,4,89.95,19.23,290.61,2025-10-14,61,Hyderabad,Delivered,4
ORD1334,CUST1399,Butter,Dairy,2,93.5,9.01,170.15,2025-01-12,159,Mumbai,Pending,5
ORD1335,CUST1347,Popcorn,Snacks,4,491.56,9.5,1779.45,2025-01-30,37,Hyderabad,Delivered,4
ORD1336,CUST1320,Orange,Fruits,3,118.59,19.85,285.15,2025-09-05,122,Pune,Delivered,2
ORD1337,CUST1160,Onion,Vegetables,1,352.2,1.86,345.65,2025-08-19,46,Mumbai,Cancelled,2
ORD1338,CUST1803,Butter,Dairy,5,421.73,15.64,1778.86,2025-08-14,156,Bangalore,Delivered,3
ORD1339,CUST1834,Butter,Dairy,1,152.31,6.83,141.91,2025-09-15,89,Mumbai,Delivered,2
ORD1340,CUST1405,Toothpaste,Personal Care,4,175.87,18.85,570.87,2025-09-19,177,Hyderabad,Pending,1
ORD1341,CUST1238,Cheese,Dairy,3,308.56,11.33,820.8,2025-09-01,26,Bangalore,Delivered,3
ORD1342,CUST1215,Namkeen,Snacks,1,102.36,16.35,85.62,2025-10-18,172,Mumbai,Pending,1
ORD1343,CUST1072,Cookies,Snacks,2,440.63,16.12,739.2,2025-01-07,28,Delhi,Delivered,3
ORD1344,CUST1977,Toothpaste,Personal Care,5,60.3,3.08,292.21,2025-07-25,34,Mumbai,Cancelled,2
ORD1345,CUST1094,Spinach,Vegetables,2,420.12,2.65,817.97,2025-10-16,178,Delhi,Pending,1
ORD1346,CUST1116,Banana,Fruits,1,322.81,15.3,273.42,2025-01-25,155,Mumbai,Delivered,2
ORD1347,CUST1579,Apple,Fruits,2,80.68,0.52,160.52,2025-01-25,93,Kolkata,Cancelled,2
ORD1348,CUST1652,Onion,Vegetables,5,297.29,19.32,1199.27,2025-04-06,106,Pune,Cancelled,5
ORD1349,CUST1042,Carrot,Vegetables,4,247.78,2.11,970.21,2025-06-09,107,Bangalore,Cancelled,4
ORD1350,CUST1777,Lotion,Personal Care,2,342.59,3.04,664.35,2025-01-05,176,Hyderabad,Delivered,5
ORD1351,CUST1055,Namkeen,Snacks,1,76.17,19.9,61.01,2025-09-10,173,Mumbai,Delivered,2
ORD1352,CUST1155,Soap,Personal Care,1,243.65,3.41,235.34,2025-05-29,87,Delhi,Delivered,4
ORD1353,CUST1771,Cookies,Snacks,3,129.99,13.83,336.04,2025-04-07,18,Bangalore,Cancelled,3
ORD1354,CUST1419,Paneer,Dairy,1,154.69,4.42,147.85,2025-08-09,66,Mumbai,Cancelled,4
ORD1355,CUST1767,Popcorn,Snacks,4,431.61,14.49,1476.28,2025-04-26,76,Delhi,Cancelled,3
ORD1356,CUST1644,Paneer,Dairy,5,209.41,10.51,937.01,2025-01-14,100,Kolkata,Pending,2
ORD1357,CUST1660,Namkeen,Snacks,2,110.21,8.37,201.97,2025-08-18,93,Chennai,Delivered,1
ORD1358,CUST1212,Curd,Dairy,2,356.44,3.79,685.86,2025-03-06,27,Chennai,Pending,5
ORD1359,CUST1163,Lotion,Personal Care,2,158.54,19.52,255.19,2025-06-22,174,Bangalore,Cancelled,1
ORD1360,CUST1307,Butter,Dairy,1,99.38,10.96,88.49,2025-07-10,163,Hyderabad,Cancelled,1
ORD1361,CUST1763,Carrot,Vegetables,5,269.71,3.0,1308.09,2025-02-21,126,Delhi,Delivered,4
ORD1362,CUST1553,Tea,Beverages,2,264.21,7.52,488.68,2025-02-11,35,Hyderabad,Pending,5
ORD1363,CUST1424,Grapes,Fruits,5,109.92,2.04,538.39,2025-04-30,151,Bangalore,Pending,5
ORD1364,CUST1241,Orange,Fruits,1,414.0,1.53,407.67,2025-04-07,24,Delhi,Pending,5
ORD1365,CUST1775,Coffee,Beverages,2,163.88,15.62,276.56,2025-10-11,48,Kolkata,Pending,2
ORD1366,CUST1415,Coffee,Beverages,3,252.56,4.54,723.28,2025-06-22,83,Delhi,Delivered,4
ORD1367,CUST1042,Cookies,Snacks,4,280.5,13.6,969.41,2025-07-19,101,Pune,Cancelled,4
ORD1368,CUST1644,Tomato,Vegetables,1,82.44,1.43,81.26,2025-06-01,31,Kolkata,Cancelled,3
ORD1369,CUST1435,Grapes,Fruits,4,381.88,7.07,1419.52,2025-08-16,153,Kolkata,Cancelled,4
ORD1370,CUST1349,Potato,Vegetables,3,347.62,3.7,1004.27,2025-09-18,19,Pune,Delivered,1
ORD1371,CUST1222,Lotion,Personal Care,2,59.43,1.64,116.91,2025-08-08,95,Bangalore,Pending,1
ORD1372,CUST1381,Banana,Fruits,1,489.2,13.35,423.89,2025-02-18,50,Mumbai,Pending,5
ORD1373,CUST1777,Face Wash,Personal Care,4,398.59,12.88,1389.01,2025-04-29,128,Pune,Cancelled,2
ORD1374,CUST1780,Cookies,Snacks,5,106.36,9.49,481.33,2025-09-15,132,Delhi,Delivered,2
ORD1375,CUST1225,Mango,Fruits,5,464.13,10.42,2078.84,2025-10-15,138,Chennai,Pending,1
ORD1376,CUST1487,Milk,Dairy,3,69.68,2.22,204.4,2025-07-02,167,Kolkata,Pending,3
ORD1377,CUST1413,Grapes,Fruits,3,297.54,7.77,823.26,2025-04-24,36,Kolkata,Cancelled,4
ORD1378,CUST1887,Tomato,Vegetables,4,104.68,3.95,402.18,2025-06-23,127,Kolkata,Pending,1
ORD1379,CUST1496,Orange,Fruits,5,178.66,16.32,747.51,2025-04-29,53,Hyderabad,Delivered,5
ORD1380,CUST1903,Tea,Beverages,4,463.52,5.04,1760.63,2025-05-29,140,Kolkata,Pending,1
ORD1381,CUST1533,Popcorn,Snacks,4,74.24,6.4,277.95,2025-05-30,103,Delhi,Cancelled,4
ORD1382,CUST1561,Grapes,Fruits,4,69.43,3.3,268.56,2025-01-29,41,Kolkata,Pending,1
ORD1383,CUST1700,Orange,Fruits,3,117.8,6.85,329.19,2025-10-05,179,Bangalore,Delivered,5
ORD1384,CUST1412,Tea,Beverages,1,278.76,5.95,262.17,2025-01-19,37,Bangalore,Cancelled,1
ORD1385,CUST1361,Banana,Fruits,4,336.33,15.22,1140.56,2025-04-21,150,Chennai,Pending,5
ORD1386,CUST1448,Tomato,Vegetables,2,54.2,4.93,103.06,2025-09-18,17,Mumbai,Cancelled,4
ORD1387,CUST1895,Butter,Dairy,4,94.63,8.03,348.12,2025-01-10,163,Kolkata,Pending,3
ORD1388,CUST1499,Lotion,Personal Care,3,134.61,7.11,375.12,2025-01-13,151,Hyderabad,Cancelled,2
ORD1389,CUST1208,Juice,Beverages,4,52.35,15.22,177.53,2025-02-23,26,Chennai,Cancelled,3
ORD1390,CUST1754,Toothpaste,Personal Care,1,481.13,7.36,445.72,2025-03-16,158,Delhi,Cancelled,2
ORD1391,CUST1905,Banana,Fruits,3,498.35,7.37,1384.86,2025-05-12,34,Bangalore,Delivered,5
ORD1392,CUST1941,Tea,Beverages,3,112.02,13.26,291.5,2025-07-21,52,Kolkata,Pending,1
ORD1393,CUST1582,Juice,Beverages,4,131.59,7.75,485.57,2025-09-30,133,Chennai,Pending,5
ORD1394,CUST1697,Namkeen,Snacks,4,279.55,14.47,956.4,2025-08-17,94,Delhi,Cancelled,2
ORD1395,CUST1593,Banana,Fruits,4,302.3,12.07,1063.25,2025-06-11,172,Mumbai,Cancelled,4
ORD1396,CUST1877,Milk,Dairy,3,171.42,16.5,429.41,2025-11-01,77,Pune,Cancelled,4
ORD1397,CUST1997,Tomato,Vegetables,3,76.35,6.68,213.75,2025-01-30,72,Hyderabad,Cancelled,4
ORD1398,CUST1182,Banana,Fruits,5,404.88,10.35,1814.87,2025-06-22,108,Delhi,Pending,2
ORD1399,CUST1762,Curd,Dairy,1,245.31,1.77,240.97,2025-04-26,127,Delhi,Pending,1
ORD1400,CUST1160,Lotion,Personal Care,4,381.05,19.97,1219.82,2025-04-28,59,Mumbai,Pending,2
ORD1401,CUST1709,Chips,Snacks,1,336.9,9.92,303.48,2025-02-16,157,Pune,Cancelled,5
ORD1402,CUST1049,Banana,Fruits,4,222.72,11.44,788.96,2025-03-02,152,Kolkata,Cancelled,3
ORD1403,CUST1709,Onion,Vegetables,3,61.79,0.48,184.48,2025-09-11,132,Hyderabad,Pending,2
ORD1404,CUST1921,Toothpaste,Personal Care,1,468.33,15.65,395.04,2025-02-04,60,Hyderabad,Delivered,1
ORD1405,CUST1073,Popcorn,Snacks,3,219.61,9.23,598.02,2025-02-18,163,Kolkata,Pending,5
ORD1406,CUST1930,Cookies,Snacks,5,367.71,12.62,1606.52,2025-05-06,53,Hyderabad,Delivered,2
ORD1407,CUST1363,Shampoo,Personal Care,1,401.1,0.14,400.54,2025-10-24,74,Kolkata,Pending,1
ORD1408,CUST1407,Cookies,Snacks,4,229.48,18.45,748.56,2025-02-05,172,Kolkata,Delivered,4
ORD1409,CUST1631,Chips,Snacks,4,70.07,0.73,278.23,2025-06-12,28,Hyderabad,Delivered,5
ORD1410,CUST1555,Lotion,Personal Care,2,172.38,15.19,292.39,2025-04-16,84,Mumbai,Cancelled,4
ORD1411,CUST1249,Carrot,Vegetables,1,269.41,0.67,267.6,2025-03-25,96,Delhi,Pending,1
ORD1412,CUST1638,Juice,Beverages,3,112.66,10.65,301.99,2025-01-07,84,Chennai,Pending,1
ORD1413,CUST1425,Potato,Vegetables,2,379.6,10.97,675.92,2025-05-23,163,Mumbai,Delivered,1
ORD1414,CUST1020,Grapes,Fruits,2,238.46,5.2,452.12,2025-06-14,72,Delhi,Pending,4
ORD1415,CUST1370,Butter,Dairy,2,115.23,14.5,197.04,2025-11-01,161,Hyderabad,Cancelled,5
ORD1416,CUST1707,Toothpaste,Personal Care,1,476.17,19.35,384.03,2025-06-10,131,Mumbai,Cancelled,3
ORD1417,CUST1663,Banana,Fruits,2,89.98,13.68,155.34,2025-10-16,95,Delhi,Pending,1
ORD1418,CUST1176,Mango,Fruits,5,152.33,8.08,700.11,2025-02-12,100,Mumbai,Pending,4
ORD1419,CUST1841,Energy Drink,Beverages,1,325.81,4.52,311.08,2025-04-08,79,Hyderabad,Cancelled,3
ORD1420,CUST1841,Tomato,Vegetables,5,113.43,13.28,491.83,2025-02-26,80,Hyderabad,Cancelled,1
ORD1421,CUST1587,Popcorn,Snacks,2,437.89,9.2,795.21,2025-06-16,100,Kolkata,Pending,5
ORD1422,CUST1560,Onion,Vegetables,4,210.19,19.56,676.31,2025-08-31,77,Delhi,Delivered,3
ORD1423,CUST1375,Spinach,Vegetables,5,124.12,6.6,579.64,2025-08-02,157,Pune,Cancelled,3
ORD1424,CUST1380,Apple,Fruits,5,346.83,3.23,1678.14,2025-09-27,169,Hyderabad,Delivered,3
ORD1425,CUST1759,Carrot,Vegetables,1,302.08,15.01,256.74,2025-03-07,167,Chennai,Cancelled,3
ORD1426,CUST1678,Tea,Beverages,3,459.15,10.77,1229.1,2025-08-15,20,Mumbai,Pending,3
ORD1427,CUST1778,Shampoo,Personal Care,4,253.26,7.95,932.5,2025-07-16,65,Hyderabad,Pending,5
ORD1428,CUST1484,Spinach,Vegetables,4,285.5,5.74,1076.45,2025-10-24,178,Pune,Pending,4
ORD1429,CUST1209,Butter,Dairy,5,190.56,12.85,830.37,2025-08-26,118,Pune,Pending,3
ORD1430,CUST1386,Popcorn,Snacks,2,251.42,11.16,446.72,2025-09-20,94,Chennai,Cancelled,5
ORD1431,CUST1219,Chips,Snacks,5,457.76,5.54,2162.0,2025-02-09,175,Hyderabad,Cancelled,1
ORD1432,CUST1612,Shampoo,Personal Care,1,65.02,7.27,60.29,2025-06-25,121,Chennai,Cancelled,5
ORD1433,CUST1648,Onion,Vegetables,4,409.37,19.36,1320.46,2025-10-02,46,Bangalore,Pending,3
ORD1434,CUST1108,Tomato,Vegetables,4,382.88,6.39,1433.66,2025-05-09,77,Chennai,Delivered,3
ORD1435,CUST1101,Chocolate,Snacks,5,350.56,12.69,1530.37,2025-09-17,170,Kolkata,Pending,1
ORD1436,CUST1536,Apple,Fruits,2,242.37,3.24,469.03,2025-10-10,83,Hyderabad,Cancelled,2
ORD1437,CUST1644,Namkeen,Snacks,3,287.33,14.39,737.95,2025-06-03,140,Chennai,Pending,4
ORD1438,CUST1939,Orange,Fruits,3,134.34,17.16,333.86,2025-05-14,74,Kolkata,Pending,5
ORD1439,CUST1587,Juice,Beverages,1,262.03,16.43,218.98,2025-08-01,145,Pune,Cancelled,4
ORD1440,CUST1980,Popcorn,Snacks,4,286.45,4.89,1089.77,2025-06-05,175,Hyderabad,Delivered,4
ORD1441,CUST1175,Milk,Dairy,3,113.89,6.96,317.89,2025-03-16,37,Kolkata,Cancelled,3
ORD1442,CUST1930,Soap,Personal Care,1,428.65,9.43,388.23,2025-09-28,105,Mumbai,Pending,5
ORD1443,CUST1046,Butter,Dairy,1,106.82,13.52,92.38,2025-03-07,170,Bangalore,Cancelled,2
ORD1444,CUST1639,Coffee,Beverages,1,344.88,19.83,276.49,2025-09-04,101,Pune,Pending,5
ORD1445,CUST1190,Tomato,Vegetables,3,362.37,10.25,975.68,2025-10-21,157,Pune,Delivered,1
ORD1446,CUST1995,Cookies,Snacks,5,64.94,6.08,304.96,2025-10-29,156,Pune,Delivered,1
ORD1447,CUST1206,Chips,Snacks,4,154.74,16.15,519.0,2025-09-09,91,Bangalore,Pending,5
ORD1448,CUST1442,Grapes,Fruits,2,342.85,17.48,565.84,2025-08-07,165,Hyderabad,Pending,5
ORD1449,CUST1500,Orange,Fruits,3,225.39,7.59,624.85,2025-05-22,114,Mumbai,Delivered,5
ORD1450,CUST1280,Cheese,Dairy,3,235.74,16.05,593.71,2025-03-25,127,Pune,Pending,1
ORD1451,CUST1946,Butter,Dairy,2,484.81,2.55,944.89,2025-03-24,124,Hyderabad,Cancelled,5
ORD1452,CUST1717,Apple,Fruits,3,389.28,16.1,979.82,2025-06-22,85,Kolkata,Cancelled,2
ORD1453,CUST1119,Apple,Fruits,1,187.14,16.59,156.09,2025-10-02,156,Kolkata,Pending,2
ORD1454,CUST1319,Milk,Dairy,5,293.31,1.93,1438.25,2025-10-13,23,Hyderabad,Pending,4
ORD1455,CUST1738,Cookies,Snacks,1,260.95,6.03,245.21,2025-07-22,67,Delhi,Pending,1
ORD1456,CUST1987,Coffee,Beverages,1,184.96,14.86,157.47,2025-07-15,82,Mumbai,Cancelled,4
ORD1457,CUST1254,Chips,Snacks,2,350.51,11.86,617.88,2025-04-30,141,Pune,Delivered,4
ORD1458,CUST1778,Chocolate,Snacks,5,427.17,5.71,2013.89,2025-09-25,49,Delhi,Cancelled,1
ORD1459,CUST1868,Tomato,Vegetables,2,308.01,13.18,534.83,2025-10-31,34,Pune,Cancelled,5
ORD1460,CUST1323,Face Wash,Personal Care,3,269.77,14.75,689.94,2025-07-20,151,Bangalore,Cancelled,4
ORD1461,CUST1300,Soda,Beverages,3,423.18,17.58,1046.35,2025-03-06,22,Delhi,Delivered,1
ORD1462,CUST1658,Juice,Beverages,4,459.8,9.29,1668.34,2025-01-15,119,Pune,Pending,2
ORD1463,CUST1549,Apple,Fruits,2,124.17,3.41,239.87,2025-01-21,65,Kolkata,Delivered,3
ORD1464,CUST1405,Cookies,Snacks,4,404.96,12.79,1412.66,2025-01-28,18,Mumbai,Pending,5
ORD1465,CUST1346,Shampoo,Personal Care,4,269.45,13.04,937.25,2025-07-13,176,Hyderabad,Delivered,5
ORD1466,CUST1721,Shampoo,Personal Care,1,277.82,12.68,242.59,2025-09-19,167,Hyderabad,Pending,5
ORD1467,CUST1466,Carrot,Vegetables,1,67.89,12.08,59.69,2025-10-10,150,Hyderabad,Cancelled,1
ORD1468,CUST1423,Toothpaste,Personal Care,4,261.34,9.01,951.17,2025-04-19,113,Pune,Cancelled,3
ORD1469,CUST1700,Milk,Dairy,3,251.36,9.49,682.52,2025-06-26,155,Chennai,Pending,1
ORD1470,CUST1891,Tea,Beverages,1,53.45,4.38,51.11,2025-02-12,162,Hyderabad,Delivered,1
ORD1471,CUST1617,Energy Drink,Beverages,1,202.49,16.05,169.99,2025-07-11,76,Bangalore,Cancelled,2
ORD1472,CUST1552,Juice,Beverages,3,69.97,5.56,198.24,2025-02-06,63,Bangalore,Pending,5
ORD1473,CUST1550,Banana,Fruits,1,101.23,6.9,94.25,2025-07-02,55,Mumbai,Pending,2
ORD1474,CUST1556,Shampoo,Personal Care,5,353.94,0.9,1753.77,2025-05-07,60,Delhi,Delivered,3
ORD1475,CUST1267,Lotion,Personal Care,1,225.44,14.6,192.53,2025-03-13,123,Bangalore,Pending,3
ORD1476,CUST1152,Paneer,Dairy,5,189.22,16.48,790.18,2025-04-13,22,Mumbai,Cancelled,5
ORD1477,CUST1849,Banana,Fruits,3,50.95,14.35,130.92,2025-08-03,98,Mumbai,Pending,3
ORD1478,CUST1593,Juice,Beverages,2,101.52,7.68,187.45,2025-05-07,178,Bangalore,Pending,5
ORD1479,CUST1736,Tea,Beverages,5,104.46,8.38,478.53,2025-03-25,127,Chennai,Cancelled,3
ORD1480,CUST1104,Potato,Vegetables,4,86.08,7.1,319.87,2025-09-15,43,Chennai,Cancelled,4
ORD1481,CUST1209,Grapes,Fruits,2,212.86,11.87,375.19,2025-09-23,156,Hyderabad,Delivered,1
ORD1482,CUST1083,Tea,Beverages,3,460.98,12.25,1213.53,2025-01-28,17,Pune,Cancelled,5
ORD1483,CUST1080,Shampoo,Personal Care,3,383.44,10.6,1028.39,2025-10-23,16,Hyderabad,Pending,2
ORD1484,CUST1212,Coffee,Beverages,1,239.92,5.9,225.76,2025-10-28,115,Hyderabad,Delivered,2
ORD1485,CUST1276,Face Wash,Personal Care,1,147.22,9.33,133.48,2025-10-21,42,Bangalore,Delivered,2
ORD1486,CUST1029,Namkeen,Snacks,3,243.47,13.46,632.1,2025-03-14,136,Bangalore,Cancelled,2
ORD1487,CUST1171,Chips,Snacks,4,151.83,7.68,560.68,2025-07-14,170,Delhi,Cancelled,2
ORD1488,CUST1824,Cookies,Snacks,1,243.94,6.38,228.38,2025-02-17,174,Hyderabad,Cancelled,3
ORD1489,CUST1932,Shampoo,Personal Care,4,226.84,10.52,811.91,2025-10-17,170,Chennai,Cancelled,3
ORD1490,CUST1786,Milk,Dairy,4,70.15,15.24,237.84,2025-02-16,162,Mumbai,Pending,2
ORD1491,CUST1816,Popcorn,Snacks,5,282.76,7.58,1306.63,2025-05-06,153,Pune,Delivered,1
ORD1492,CUST1439,Orange,Fruits,1,354.7,12.12,311.71,2025-06-25,130,Bangalore,Pending,2
ORD1493,CUST1433,Orange,Fruits,4,301.86,2.11,1181.96,2025-04-23,123,Kolkata,Pending,5
ORD1494,CUST1556,Tomato,Vegetables,5,152.82,19.55,614.72,2025-03-08,89,Kolkata,Pending,2
ORD1495,CUST1817,Orange,Fruits,4,94.69,4.18,362.93,2025-08-22,65,Bangalore,Pending,4
ORD1496,CUST1548,Soda,Beverages,3,116.18,9.76,314.52,2025-05-02,139,Hyderabad,Delivered,4
ORD1497,CUST1200,Lotion,Personal Care,2,218.66,9.48,395.86,2025-05-14,32,Mumbai,Cancelled,4
ORD1498,CUST1108,Mango,Fruits,1,89.69,12.14,78.8,2025-05-06,159,Bangalore,Cancelled,4
ORD1499,CUST1853,Face Wash,Personal Care,4,491.05,9.56,1776.42,2025-06-11,123,Kolkata,Cancelled,3
ORD1500,CUST1415,Curd,Dairy,5,425.14,8.81,1938.43,2025-02-11,112,Delhi,Pending,2
