CustomerID,Region,Category,Product,Quantity,Price,Sales,Profit,Discount,OrderDate,PaymentMethod,CustomerRating
CUST1000,North,Electronics,Headphones,4,115.49,461.96,108.15,0.12,2023-06-28,UPI,1
CUST1001,North,Furniture,Table,9,303.0,2727.0,518.98,0.04,2025-05-09,Cash,1
CUST1002,South,Beauty,Facewash,6,142.55,855.3,88.8,0.02,2024-11-20,NetBanking,1
CUST1003,East,Clothing,Jacket,1,366.22,366.22,67.41,0.02,2025-02-14,Cash,5
CUST1004,East,Sports,Tennis Racket,2,27.68,55.36,5.92,0.2,2024-08-15,Card,1
CUST1005,West,Clothing,Shoes,6,85.51,513.06,71.22,0.14,2024-06-30,UPI,5
CUST1006,South,Sports,Tennis Racket,3,233.82,701.46,82.41,0.14,2024-03-25,UPI,2
CUST1007,North,Clothing,Shoes,5,37.76,188.8,52.54,0.04,2024-10-06,NetBanking,4
CUST1008,West,Furniture,Sofa,3,127.08,381.24,72.57,0.15,2024-06-22,NetBanking,5
CUST1009,West,Clothing,Jeans,3,257.22,771.66,56.12,0.17,2023-04-07,Card,2
CUST1010,West,Sports,Football,7,193.9,1357.3,405.87,0.19,2024-05-29,UPI,1
CUST1011,Central,Clothing,Jacket,2,150.28,300.56,26.91,0.19,2023-01-07,Cash,5
CUST1012,South,Sports,Football,5,421.63,2108.15,372.96,0.03,2024-02-12,Card,5
CUST1013,Central,Electronics,Headphones,8,14.64,117.12,33.06,0.05,2024-09-21,Card,5
CUST1014,North,Electronics,Camera,2,489.1,978.2,179.18,0.03,2023-09-15,NetBanking,5
CUST1015,South,Clothing,Shoes,4,464.81,1859.24,444.02,0.14,2024-02-16,NetBanking,3
CUST1016,West,Sports,Jersey,2,127.71,255.42,16.86,0.12,2023-02-13,Card,5
CUST1017,South,Electronics,Mobile,1,118.33,118.33,32.7,0.01,2024-11-07,Card,3
CUST1018,West,Furniture,Table,10,290.22,2902.2,321.42,0.16,2025-08-26,Card,1
CUST1019,North,Beauty,Facewash,6,214.67,1288.02,214.79,0.13,2023-04-21,UPI,1
CUST1020,West,Beauty,Lipstick,2,128.08,256.16,24.99,0.03,2025-07-07,Card,3
CUST1021,West,Furniture,Chair,8,404.97,3239.76,855.27,0.01,2023-07-20,UPI,1
CUST1022,South,Furniture,Cupboard,8,243.27,1946.16,518.0,0.03,2023-05-01,UPI,4
CUST1023,East,Grocery,Snacks,7,349.81,2448.67,569.63,0.03,2025-09-23,Cash,2
CUST1024,North,Sports,Football,6,33.3,199.8,39.17,0.18,2025-10-26,Card,1
CUST1025,Central,Electronics,Laptop,2,299.54,599.08,131.08,0.08,2024-04-26,Card,5
CUST1026,Central,Electronics,Mobile,7,330.4,2312.8,442.45,0.19,2024-10-09,Card,3
CUST1027,South,Clothing,Shoes,3,337.49,1012.47,126.56,0.19,2024-10-09,UPI,1
CUST1028,West,Sports,Football,2,271.13,542.26,95.69,0.19,2023-09-29,UPI,2
CUST1029,East,Clothing,Jeans,8,417.7,3341.6,754.82,0.13,2023-01-17,Cash,1
CUST1030,South,Clothing,T-Shirt,2,372.5,745.0,66.2,0.12,2024-07-31,Cash,2
CUST1031,East,Sports,Jersey,5,453.14,2265.7,592.54,0.13,2023-07-09,Cash,1
CUST1032,North,Clothing,Jeans,5,84.98,424.9,68.18,0.11,2025-05-25,UPI,1
CUST1033,South,Sports,Football,6,293.34,1760.04,153.16,0.01,2023-09-19,Cash,1
CUST1034,East,Furniture,Table,2,180.07,360.14,68.42,0.19,2025-04-12,Card,2
CUST1035,South,Furniture,Cupboard,1,93.78,93.78,26.36,0.16,2025-04-23,Card,3
CUST1036,South,Beauty,Cream,7,436.72,3057.04,809.04,0.04,2024-03-31,NetBanking,3
CUST1037,East,Furniture,Table,1,331.72,331.72,49.63,0.17,2024-07-24,Cash,3
CUST1038,Central,Grocery,Snacks,1,62.09,62.09,18.17,0.12,2024-01-01,Cash,1
CUST1039,North,Sports,Jersey,6,365.63,2193.78,281.72,0.02,2025-11-13,Card,3
CUST1040,North,Beauty,Facewash,1,262.36,262.36,66.02,0.07,2024-02-08,UPI,3
CUST1041,Central,Clothing,T-Shirt,5,256.03,1280.15,277.44,0.08,2024-10-30,Cash,5
CUST1042,South,Furniture,Cupboard,7,340.27,2381.89,656.69,0.08,2024-09-08,UPI,3
CUST1043,East,Furniture,Cupboard,10,305.3,3053.0,398.61,0.09,2025-06-23,Card,5
CUST1044,West,Beauty,Perfume,2,145.47,290.94,62.83,0.02,2024-11-17,Card,3
CUST1045,South,Furniture,Table,1,27.88,27.88,8.25,0.09,2023-05-30,Card,4
CUST1046,West,Grocery,Oil,3,329.75,989.25,50.83,0.16,2023-08-07,Card,2
CUST1047,Central,Grocery,Rice,9,128.35,1155.15,302.75,0.03,2025-07-23,NetBanking,5
CUST1048,Central,Sports,Shoes,8,308.26,2466.08,566.75,0.09,2025-10-30,NetBanking,2
CUST1049,West,Grocery,Snacks,4,420.73,1682.92,200.82,0.13,2025-09-19,Cash,4
CUST1050,North,Beauty,Lipstick,4,139.5,558.0,72.5,0.03,2023-06-15,Card,4
CUST1051,South,Beauty,Perfume,2,210.36,420.72,55.84,0.08,2025-08-12,Card,4
CUST1052,West,Sports,Football,10,193.29,1932.9,99.49,0.06,2024-12-21,NetBanking,4
CUST1053,Central,Beauty,Perfume,8,113.61,908.88,144.47,0.08,2023-03-01,NetBanking,2
CUST1054,West,Furniture,Chair,7,297.99,2085.93,450.04,0.13,2023-06-21,Card,4
CUST1055,South,Electronics,Headphones,7,167.04,1169.28,191.38,0.15,2024-11-22,NetBanking,3
CUST1056,West,Clothing,T-Shirt,8,14.59,116.72,21.58,0.04,2024-12-17,UPI,1
CUST1057,North,Furniture,Table,1,312.56,312.56,34.27,0.13,2025-08-27,Card,4
CUST1058,East,Clothing,Jeans,10,305.59,3055.9,724.19,0.16,2023-08-23,Card,3
CUST1059,North,Sports,Football,5,290.02,1450.1,401.69,0.08,2025-02-07,Card,1
CUST1060,Central,Beauty,Perfume,2,350.11,700.22,87.8,0.16,2023-09-05,UPI,3
CUST1061,Central,Grocery,Snacks,2,255.45,510.9,69.13,0.16,2025-05-10,UPI,4
CUST1062,East,Beauty,Facewash,3,220.57,661.71,154.48,0.12,2024-07-07,NetBanking,4
CUST1063,West,Beauty,Lipstick,6,426.6,2559.6,659.56,0.06,2023-06-27,NetBanking,2
CUST1064,West,Sports,Jersey,6,19.21,115.26,30.28,0.1,2024-01-08,Cash,3
CUST1065,East,Clothing,Jacket,9,10.02,90.18,25.88,0.05,2023-06-25,NetBanking,4
CUST1066,Central,Furniture,Cupboard,8,226.85,1814.8,98.56,0.04,2024-08-25,Card,3
CUST1067,Central,Clothing,Shoes,9,267.81,2410.29,376.91,0.07,2024-11-08,NetBanking,3
CUST1068,East,Clothing,Jeans,2,362.04,724.08,93.32,0.04,2024-01-15,NetBanking,3
CUST1069,Central,Sports,Shoes,2,417.15,834.3,103.5,0.04,2025-01-09,UPI,5
CUST1070,South,Clothing,T-Shirt,1,278.91,278.91,62.57,0.13,2023-09-16,NetBanking,1
CUST1071,North,Sports,Shoes,8,241.96,1935.68,261.66,0.05,2023-04-16,NetBanking,1
CUST1072,North,Grocery,Spices,2,290.63,581.26,128.81,0.03,2023-11-07,Cash,1
CUST1073,South,Electronics,Camera,10,300.08,3000.8,613.98,0.09,2025-02-18,NetBanking,3
CUST1074,Central,Grocery,Snacks,10,312.41,3124.1,632.34,0.19,2023-07-23,Card,2
CUST1075,East,Beauty,Cream,3,123.73,371.19,69.78,0.0,2023-11-17,NetBanking,5
CUST1076,West,Clothing,T-Shirt,4,147.61,590.44,71.25,0.01,2025-07-18,Card,3
CUST1077,Central,Beauty,Perfume,7,61.81,432.67,45.95,0.18,2023-11-02,Card,1
CUST1078,North,Furniture,Sofa,10,375.73,3757.3,722.54,0.09,2024-08-14,NetBanking,3
CUST1079,West,Clothing,Shoes,8,44.82,358.56,21.5,0.15,2025-06-03,Cash,1
CUST1080,North,Furniture,Chair,5,290.24,1451.2,349.42,0.09,2023-12-25,NetBanking,3
CUST1081,South,Sports,Jersey,8,484.68,3877.44,649.48,0.07,2025-04-16,UPI,2
CUST1082,East,Grocery,Spices,5,332.98,1664.9,249.92,0.09,2023-03-17,Cash,3
CUST1083,East,Electronics,Camera,9,413.34,3720.06,187.07,0.08,2025-08-04,Card,5
CUST1084,East,Sports,Jersey,8,381.2,3049.6,307.67,0.19,2023-09-26,NetBanking,4
CUST1085,North,Electronics,Laptop,3,158.82,476.46,25.45,0.02,2025-04-15,UPI,4
CUST1086,North,Beauty,Perfume,8,466.66,3733.28,459.06,0.08,2024-07-13,NetBanking,4
CUST1087,South,Grocery,Oil,7,99.35,695.45,138.98,0.17,2023-10-07,Cash,4
CUST1088,East,Sports,Shoes,1,145.01,145.01,18.07,0.17,2025-09-29,NetBanking,5
CUST1089,West,Clothing,Jacket,9,382.62,3443.58,496.92,0.17,2024-10-21,Card,5
CUST1090,West,Furniture,Cupboard,1,162.5,162.5,27.34,0.08,2025-02-19,Card,4
CUST1091,North,Furniture,Sofa,2,437.72,875.44,140.14,0.0,2025-07-24,Card,4
CUST1092,South,Electronics,Camera,5,172.59,862.95,192.59,0.17,2023-06-14,NetBanking,3
CUST1093,West,Sports,Football,10,38.87,388.7,80.77,0.2,2024-08-11,UPI,4
CUST1094,North,Beauty,Cream,8,87.35,698.8,87.26,0.01,2023-03-01,UPI,3
CUST1095,East,Clothing,Shoes,3,125.88,377.64,57.78,0.03,2024-01-04,UPI,5
CUST1096,West,Sports,Tennis Racket,8,456.85,3654.8,313.51,0.13,2025-08-02,NetBanking,3
CUST1097,North,Grocery,Snacks,9,83.2,748.8,120.13,0.2,2024-12-08,Cash,4
CUST1098,East,Grocery,Snacks,4,499.69,1998.76,526.34,0.05,2023-08-07,Cash,5
CUST1099,East,Beauty,Lipstick,1,489.08,489.08,104.94,0.0,2024-07-16,UPI,5
CUST1100,West,Clothing,Jeans,10,401.96,4019.6,421.06,0.12,2024-01-25,Card,1
CUST1101,North,Clothing,Shoes,1,291.89,291.89,68.04,0.18,2023-07-04,Cash,4
CUST1102,South,Furniture,Table,9,438.85,3949.65,558.73,0.18,2025-10-24,Card,3
CUST1103,West,Clothing,Jacket,2,236.82,473.64,32.6,0.17,2024-04-07,NetBanking,5
CUST1104,East,Electronics,Camera,1,135.91,135.91,10.99,0.13,2025-01-24,Cash,5
CUST1105,West,Beauty,Lipstick,2,339.04,678.08,113.83,0.18,2024-11-02,Card,1
CUST1106,West,Beauty,Lipstick,7,62.75,439.25,26.94,0.06,2023-03-18,NetBanking,1
CUST1107,North,Furniture,Table,7,229.55,1606.85,349.69,0.12,2025-05-08,Card,4
CUST1108,North,Grocery,Spices,5,21.19,105.95,15.11,0.09,2025-06-27,Card,3
CUST1109,North,Beauty,Lipstick,9,451.34,4062.06,857.93,0.08,2023-05-05,Card,1
CUST1110,West,Electronics,Laptop,10,485.69,4856.9,304.26,0.05,2024-11-14,Card,5
CUST1111,South,Electronics,Laptop,10,111.9,1119.0,299.25,0.15,2024-11-03,UPI,3
CUST1112,South,Furniture,Sofa,3,59.41,178.23,47.52,0.0,2023-09-27,Card,5
CUST1113,East,Electronics,Laptop,5,30.94,154.7,36.42,0.15,2023-08-21,NetBanking,4
CUST1114,East,Sports,Football,8,254.4,2035.2,582.79,0.15,2023-03-30,Cash,4
CUST1115,North,Electronics,Camera,7,216.01,1512.07,116.41,0.01,2025-06-27,UPI,3
CUST1116,Central,Furniture,Chair,3,141.13,423.39,88.18,0.08,2024-10-27,Cash,4
CUST1117,Central,Sports,Jersey,2,397.58,795.16,62.5,0.09,2024-03-16,Card,4
CUST1118,East,Grocery,Spices,7,366.16,2563.12,328.43,0.13,2024-10-02,Cash,2
CUST1119,West,Electronics,Mobile,2,51.15,102.3,7.58,0.16,2025-02-02,UPI,5
CUST1120,Central,Sports,Shoes,2,208.35,416.7,111.84,0.17,2025-05-16,UPI,3
CUST1121,Central,Clothing,Jacket,2,291.07,582.14,60.07,0.04,2025-09-14,UPI,3
CUST1122,Central,Clothing,T-Shirt,5,289.18,1445.9,364.09,0.12,2023-02-23,Cash,1
CUST1123,South,Clothing,Jacket,6,178.76,1072.56,102.27,0.11,2023-10-21,NetBanking,1
CUST1124,South,Beauty,Cream,2,374.33,748.66,77.7,0.09,2025-05-09,Card,3
CUST1125,East,Beauty,Lipstick,10,300.13,3001.3,812.86,0.03,2023-11-15,UPI,1
CUST1126,East,Grocery,Spices,8,305.5,2444.0,375.27,0.15,2024-03-17,UPI,3
CUST1127,West,Electronics,Headphones,10,245.88,2458.8,533.03,0.04,2023-04-04,UPI,1
CUST1128,South,Clothing,Jeans,3,383.26,1149.78,140.69,0.0,2023-09-03,NetBanking,2
CUST1129,South,Grocery,Oil,9,281.57,2534.13,549.94,0.01,2024-12-26,UPI,4
CUST1130,North,Grocery,Rice,6,290.0,1740.0,336.43,0.06,2025-05-05,NetBanking,1
CUST1131,East,Furniture,Cupboard,6,48.62,291.72,76.17,0.09,2024-05-13,NetBanking,5
CUST1132,North,Grocery,Snacks,6,114.68,688.08,168.43,0.1,2023-06-06,UPI,5
CUST1133,Central,Furniture,Sofa,6,365.05,2190.3,557.95,0.05,2023-10-30,Card,3
CUST1134,South,Furniture,Table,2,92.69,185.38,45.09,0.09,2025-10-08,NetBanking,5
CUST1135,Central,Clothing,Jacket,3,222.68,668.04,111.72,0.16,2024-09-12,UPI,3
CUST1136,Central,Electronics,Headphones,8,228.7,1829.6,117.5,0.02,2024-08-10,UPI,5
CUST1137,Central,Sports,Jersey,8,292.26,2338.08,674.67,0.09,2023-03-26,Card,3
CUST1138,Central,Grocery,Oil,1,228.01,228.01,57.63,0.2,2024-12-04,UPI,5
CUST1139,South,Electronics,Laptop,8,495.54,3964.32,717.61,0.07,2023-11-22,Cash,4
CUST1140,West,Clothing,T-Shirt,6,37.63,225.78,16.62,0.06,2025-03-02,Card,3
CUST1141,North,Sports,Tennis Racket,6,158.56,951.36,203.6,0.03,2025-03-13,UPI,3
CUST1142,Central,Grocery,Snacks,3,336.71,1010.13,259.85,0.13,2023-07-11,NetBanking,5
CUST1143,East,Electronics,Headphones,5,94.23,471.15,48.79,0.04,2025-09-22,Card,2
CUST1144,North,Clothing,T-Shirt,9,386.58,3479.22,900.35,0.13,2023-03-19,Card,5
CUST1145,West,Furniture,Table,3,416.52,1249.56,303.36,0.14,2023-12-06,UPI,4
CUST1146,East,Beauty,Perfume,8,307.24,2457.92,585.23,0.05,2025-07-08,Card,3
CUST1147,West,Furniture,Sofa,10,492.3,4923.0,814.36,0.16,2024-07-31,NetBanking,2
CUST1148,South,Sports,Tennis Racket,5,30.83,154.15,26.23,0.11,2025-01-30,UPI,5
CUST1149,North,Clothing,T-Shirt,3,140.03,420.09,116.08,0.17,2023-10-29,UPI,2
CUST1150,West,Clothing,T-Shirt,7,31.36,219.52,38.53,0.08,2024-04-27,UPI,3
CUST1151,South,Electronics,Headphones,2,420.39,840.78,178.66,0.03,2023-10-27,Cash,4
CUST1152,South,Beauty,Facewash,8,309.6,2476.8,684.75,0.05,2023-02-08,Card,5
CUST1153,Central,Sports,Jersey,2,389.21,778.42,85.17,0.01,2023-09-07,NetBanking,5
CUST1154,West,Electronics,Mobile,8,300.39,2403.12,130.03,0.12,2025-11-21,Card,3
CUST1155,West,Electronics,Headphones,4,287.48,1149.92,111.35,0.1,2023-06-25,Cash,1
CUST1156,Central,Sports,Football,7,437.3,3061.1,186.37,0.2,2025-03-03,Cash,1
CUST1157,East,Electronics,Headphones,4,367.81,1471.24,304.64,0.03,2024-11-11,Cash,5
CUST1158,East,Beauty,Perfume,8,490.51,3924.08,665.65,0.16,2024-01-09,UPI,4
CUST1159,North,Clothing,Jeans,1,396.6,396.6,107.66,0.19,2024-10-08,NetBanking,5
CUST1160,West,Clothing,T-Shirt,4,146.62,586.48,155.73,0.17,2023-04-08,Cash,3
CUST1161,North,Clothing,Shoes,7,372.94,2610.58,714.41,0.07,2025-03-02,Card,4
CUST1162,West,Clothing,Jacket,2,364.91,729.82,50.89,0.11,2024-01-05,Cash,1
CUST1163,North,Clothing,Jacket,5,225.73,1128.65,258.93,0.14,2023-12-08,Cash,4
CUST1164,North,Beauty,Lipstick,10,499.08,4990.8,592.1,0.02,2023-04-28,NetBanking,3
CUST1165,Central,Beauty,Perfume,1,75.68,75.68,15.28,0.01,2025-06-16,UPI,2
CUST1166,East,Clothing,Shoes,10,21.03,210.3,18.58,0.19,2025-07-10,Cash,4
CUST1167,North,Sports,Tennis Racket,9,186.64,1679.76,216.01,0.05,2024-07-24,UPI,1
CUST1168,South,Grocery,Spices,9,63.29,569.61,138.84,0.04,2025-07-02,Cash,4
CUST1169,South,Electronics,Laptop,2,228.76,457.52,125.67,0.2,2025-06-30,Cash,3
CUST1170,North,Sports,Shoes,5,426.42,2132.1,486.02,0.16,2023-12-23,Card,1
CUST1171,South,Furniture,Table,8,18.01,144.08,27.16,0.09,2025-01-25,Card,5
CUST1172,North,Electronics,Headphones,7,499.8,3498.6,803.69,0.15,2025-04-21,UPI,2
CUST1173,East,Beauty,Cream,8,235.59,1884.72,338.01,0.18,2023-09-20,Card,2
CUST1174,West,Sports,Football,2,261.46,522.92,65.9,0.06,2023-11-28,Card,3
CUST1175,Central,Clothing,T-Shirt,5,102.17,510.85,147.68,0.03,2024-07-16,Cash,5
CUST1176,Central,Electronics,Laptop,10,471.1,4711.0,417.15,0.17,2024-11-22,UPI,1
CUST1177,North,Electronics,Headphones,4,384.64,1538.56,237.16,0.1,2023-03-04,Cash,3
CUST1178,West,Furniture,Cupboard,5,229.5,1147.5,254.92,0.09,2023-11-20,NetBanking,4
CUST1179,South,Clothing,Jeans,6,431.44,2588.64,336.08,0.2,2024-12-08,Card,3
CUST1180,Central,Sports,Football,6,124.66,747.96,60.31,0.05,2025-07-09,UPI,1
CUST1181,East,Grocery,Spices,4,481.53,1926.12,530.8,0.19,2024-11-01,Cash,2
CUST1182,South,Grocery,Spices,8,440.14,3521.12,613.88,0.19,2023-07-04,NetBanking,2
CUST1183,South,Sports,Shoes,1,30.02,30.02,5.22,0.06,2025-08-21,UPI,1
CUST1184,West,Furniture,Sofa,6,383.11,2298.66,325.22,0.01,2025-03-31,Card,3
CUST1185,Central,Clothing,T-Shirt,7,254.61,1782.27,429.71,0.17,2024-07-26,UPI,2
CUST1186,North,Grocery,Snacks,6,281.13,1686.78,238.51,0.04,2023-10-23,NetBanking,5
CUST1187,North,Electronics,Mobile,3,358.23,1074.69,269.74,0.09,2025-11-29,Card,3
CUST1188,Central,Clothing,Jeans,7,495.35,3467.45,814.26,0.12,2024-09-04,NetBanking,5
CUST1189,East,Grocery,Rice,6,168.96,1013.76,78.47,0.12,2025-05-03,UPI,5
CUST1190,West,Clothing,Jeans,1,293.84,293.84,27.22,0.03,2025-02-17,Card,1
CUST1191,Central,Beauty,Cream,4,14.37,57.48,7.38,0.08,2023-11-07,Card,4
CUST1192,Central,Sports,Jersey,1,354.36,354.36,63.67,0.2,2024-10-27,NetBanking,5
CUST1193,West,Clothing,Jeans,8,456.5,3652.0,495.14,0.14,2024-12-26,Cash,5
CUST1194,West,Furniture,Table,5,281.25,1406.25,149.37,0.15,2024-09-01,Card,4
CUST1195,East,Grocery,Snacks,9,467.18,4204.62,1046.33,0.06,2024-07-14,NetBanking,4
CUST1196,East,Furniture,Sofa,1,147.38,147.38,33.68,0.18,2024-12-10,Cash,4
CUST1197,South,Furniture,Sofa,9,349.6,3146.4,265.3,0.05,2024-05-05,Card,2
CUST1198,North,Electronics,Camera,6,360.09,2160.54,162.33,0.0,2023-10-09,Card,4
CUST1199,West,Grocery,Oil,5,163.98,819.9,173.39,0.13,2023-07-03,Card,5
CUST1200,North,Furniture,Cupboard,3,467.29,1401.87,82.83,0.16,2025-03-24,Card,3
CUST1201,North,Electronics,Headphones,10,303.38,3033.8,855.88,0.06,2024-11-17,NetBanking,2
CUST1202,Central,Grocery,Snacks,4,405.36,1621.44,215.12,0.13,2025-07-28,Card,1
CUST1203,East,Clothing,Jeans,3,307.42,922.26,193.38,0.17,2025-04-10,Cash,1
CUST1204,West,Beauty,Cream,3,490.93,1472.79,249.44,0.0,2024-05-23,NetBanking,2
CUST1205,West,Clothing,Jacket,5,293.32,1466.6,283.38,0.13,2024-06-19,Card,1
CUST1206,North,Grocery,Snacks,3,205.68,617.04,108.37,0.14,2024-09-28,Cash,3
CUST1207,Central,Furniture,Table,3,241.7,725.1,118.73,0.08,2025-02-04,NetBanking,5
CUST1208,South,Furniture,Chair,9,226.14,2035.26,459.85,0.18,2023-06-09,UPI,1
CUST1209,Central,Sports,Tennis Racket,10,270.65,2706.5,246.65,0.09,2025-12-01,Card,5
CUST1210,West,Electronics,Camera,1,229.45,229.45,40.91,0.11,2025-07-24,NetBanking,3
CUST1211,North,Grocery,Snacks,1,374.17,374.17,72.81,0.08,2023-04-03,UPI,5
CUST1212,North,Electronics,Camera,1,147.11,147.11,13.97,0.15,2023-10-05,NetBanking,3
CUST1213,West,Grocery,Spices,7,44.72,313.04,91.11,0.13,2023-09-30,Cash,1
CUST1214,South,Sports,Jersey,9,68.04,612.36,180.45,0.15,2023-01-08,Cash,4
CUST1215,Central,Grocery,Spices,4,127.52,510.08,69.65,0.04,2024-07-18,UPI,1
CUST1216,West,Sports,Football,4,107.01,428.04,32.2,0.09,2023-03-10,UPI,2
CUST1217,North,Grocery,Spices,4,272.18,1088.72,259.76,0.03,2023-04-26,Cash,2
CUST1218,Central,Clothing,Jacket,4,154.37,617.48,52.99,0.08,2024-03-28,Cash,1
CUST1219,Central,Sports,Tennis Racket,7,280.15,1961.05,121.04,0.19,2024-12-06,NetBanking,5
CUST1220,East,Beauty,Facewash,7,78.86,552.02,79.55,0.05,2025-08-27,Card,3
CUST1221,South,Grocery,Rice,9,209.28,1883.52,290.3,0.08,2023-10-02,Cash,2
CUST1222,East,Beauty,Cream,8,424.33,3394.64,248.2,0.01,2024-01-26,NetBanking,5
CUST1223,Central,Electronics,Mobile,4,403.3,1613.2,317.63,0.1,2024-03-20,Cash,3
CUST1224,North,Furniture,Table,2,374.71,749.42,178.8,0.14,2024-05-11,Card,4
CUST1225,South,Sports,Shoes,5,193.43,967.15,177.39,0.06,2025-01-05,Cash,5
CUST1226,West,Grocery,Rice,8,382.01,3056.08,397.47,0.07,2024-02-21,NetBanking,1
CUST1227,Central,Furniture,Table,1,134.08,134.08,38.04,0.06,2025-05-05,Card,3
CUST1228,South,Grocery,Oil,8,277.57,2220.56,634.78,0.05,2024-11-22,NetBanking,4
CUST1229,West,Furniture,Sofa,3,74.28,222.84,41.59,0.18,2024-01-12,UPI,5
CUST1230,North,Electronics,Mobile,1,209.13,209.13,54.51,0.01,2024-04-18,Card,1
CUST1231,South,Sports,Jersey,6,34.92,209.52,43.88,0.13,2025-09-16,UPI,1
CUST1232,Central,Sports,Jersey,1,13.28,13.28,3.06,0.0,2024-08-10,NetBanking,2
CUST1233,North,Electronics,Laptop,4,100.01,400.04,72.65,0.05,2024-12-26,NetBanking,1
CUST1234,East,Grocery,Spices,10,125.39,1253.9,281.26,0.14,2024-09-06,UPI,1
CUST1235,North,Grocery,Spices,7,278.59,1950.13,124.86,0.14,2023-01-20,UPI,4
CUST1236,West,Beauty,Lipstick,10,488.78,4887.8,1434.37,0.05,2023-03-29,NetBanking,3
CUST1237,North,Electronics,Headphones,9,283.94,2555.46,148.79,0.0,2024-10-06,Card,5
CUST1238,South,Beauty,Facewash,2,153.14,306.28,58.5,0.14,2025-03-07,Cash,4
CUST1239,South,Beauty,Cream,9,374.0,3366.0,459.34,0.09,2023-07-20,UPI,3
CUST1240,Central,Sports,Jersey,6,19.66,117.96,13.96,0.1,2025-07-11,Cash,5
CUST1241,West,Grocery,Oil,10,332.03,3320.3,237.15,0.16,2024-08-27,UPI,1
CUST1242,East,Furniture,Cupboard,3,371.13,1113.39,143.82,0.02,2023-08-07,Cash,4
CUST1243,East,Clothing,T-Shirt,3,48.21,144.63,22.81,0.08,2025-11-15,UPI,1
CUST1244,East,Sports,Football,10,301.03,3010.3,394.67,0.0,2025-02-27,NetBanking,4
CUST1245,North,Beauty,Perfume,10,262.95,2629.5,581.98,0.03,2023-12-14,Cash,3
CUST1246,West,Furniture,Chair,3,220.16,660.48,102.56,0.16,2025-09-18,Cash,3
CUST1247,South,Beauty,Facewash,10,310.25,3102.5,510.25,0.06,2023-10-05,NetBanking,3
CUST1248,Central,Grocery,Snacks,8,170.69,1365.52,346.66,0.06,2023-10-06,Card,4
CUST1249,East,Furniture,Cupboard,6,149.27,895.62,200.39,0.19,2025-10-02,Card,3
CUST1250,West,Clothing,Shoes,6,61.37,368.22,70.32,0.14,2024-01-04,UPI,4
CUST1251,South,Grocery,Snacks,2,410.39,820.78,204.3,0.13,2025-04-17,Card,3
CUST1252,South,Clothing,Jeans,7,395.59,2769.13,189.66,0.12,2025-09-08,NetBanking,5
CUST1253,North,Clothing,T-Shirt,2,385.63,771.26,165.36,0.03,2024-12-28,UPI,5
CUST1254,West,Clothing,Shoes,2,10.22,20.44,2.34,0.15,2025-11-11,Card,4
CUST1255,East,Grocery,Spices,10,346.77,3467.7,304.07,0.1,2023-02-20,Cash,4
CUST1256,North,Electronics,Laptop,6,159.39,956.34,156.68,0.1,2024-02-28,Cash,4
CUST1257,North,Grocery,Spices,6,38.25,229.5,14.04,0.0,2023-08-24,Cash,1
CUST1258,South,Beauty,Perfume,9,91.35,822.15,74.02,0.19,2025-05-23,Card,4
CUST1259,South,Furniture,Cupboard,7,19.45,136.15,27.71,0.09,2024-02-09,NetBanking,4
CUST1260,North,Beauty,Perfume,4,142.78,571.12,129.04,0.12,2023-05-09,Card,3
CUST1261,East,Furniture,Cupboard,2,134.86,269.72,71.65,0.12,2024-10-03,NetBanking,5
CUST1262,North,Clothing,Jacket,8,310.59,2484.72,629.71,0.18,2024-09-01,UPI,2
CUST1263,East,Electronics,Laptop,5,62.89,314.45,45.07,0.1,2023-10-17,NetBanking,5
CUST1264,South,Sports,Jersey,7,96.95,678.65,141.75,0.11,2023-12-21,NetBanking,3
CUST1265,South,Furniture,Sofa,8,311.61,2492.88,664.05,0.1,2023-01-20,Card,4
CUST1266,Central,Sports,Jersey,7,343.92,2407.44,370.52,0.1,2025-06-28,UPI,5
CUST1267,North,Furniture,Sofa,1,141.05,141.05,26.01,0.16,2023-12-11,NetBanking,5
CUST1268,Central,Electronics,Mobile,5,388.68,1943.4,497.16,0.11,2025-01-21,UPI,4
CUST1269,Central,Furniture,Cupboard,2,369.31,738.62,157.63,0.06,2024-05-21,UPI,4
CUST1270,East,Clothing,T-Shirt,8,433.32,3466.56,275.06,0.04,2024-04-30,Cash,5
CUST1271,West,Furniture,Table,4,407.7,1630.8,409.92,0.11,2024-12-19,Card,3
CUST1272,East,Clothing,Jacket,9,492.82,4435.38,975.01,0.03,2023-07-15,NetBanking,1
CUST1273,East,Beauty,Perfume,3,128.59,385.77,87.9,0.15,2024-05-21,NetBanking,4
CUST1274,South,Sports,Shoes,7,190.71,1334.97,91.95,0.08,2023-07-10,Cash,3
CUST1275,West,Grocery,Snacks,10,6.22,62.2,15.15,0.15,2023-07-10,NetBanking,3
CUST1276,North,Sports,Jersey,4,484.22,1936.88,496.25,0.05,2025-10-10,Cash,3
CUST1277,Central,Sports,Tennis Racket,10,426.95,4269.5,1054.89,0.01,2023-04-10,NetBanking,1
CUST1278,North,Furniture,Cupboard,8,5.33,42.64,12.34,0.2,2024-02-19,Card,3
CUST1279,South,Clothing,T-Shirt,6,128.94,773.64,110.6,0.01,2023-12-05,Cash,2
CUST1280,West,Beauty,Cream,2,5.54,11.08,1.87,0.12,2023-09-29,NetBanking,1
CUST1281,North,Beauty,Lipstick,2,494.14,988.28,153.76,0.1,2023-09-28,Card,4
CUST1282,North,Beauty,Cream,2,160.11,320.22,86.54,0.08,2023-10-08,Card,2
CUST1283,North,Sports,Football,10,326.76,3267.6,522.9,0.13,2024-03-12,Card,4
CUST1284,Central,Beauty,Facewash,4,47.91,191.64,14.4,0.12,2023-09-10,NetBanking,3
CUST1285,West,Clothing,Jeans,4,142.1,568.4,40.39,0.16,2024-08-06,UPI,3
CUST1286,South,Sports,Tennis Racket,7,151.29,1059.03,67.4,0.1,2024-05-05,UPI,2
CUST1287,West,Beauty,Cream,9,444.92,4004.28,212.29,0.19,2025-01-09,Card,4
CUST1288,Central,Grocery,Snacks,9,343.06,3087.54,743.11,0.0,2023-05-30,UPI,1
CUST1289,East,Furniture,Chair,1,474.6,474.6,70.95,0.13,2024-08-09,NetBanking,4
CUST1290,West,Electronics,Laptop,5,46.38,231.9,16.18,0.19,2024-02-21,Card,5
CUST1291,East,Grocery,Rice,5,350.84,1754.2,407.83,0.01,2024-05-03,UPI,4
CUST1292,North,Grocery,Rice,5,334.71,1673.55,359.0,0.02,2023-12-26,Card,1
CUST1293,South,Grocery,Snacks,9,261.03,2349.27,600.54,0.03,2024-06-14,Card,3
CUST1294,North,Electronics,Headphones,7,139.63,977.41,64.48,0.1,2023-06-07,Cash,1
CUST1295,West,Sports,Tennis Racket,6,82.87,497.22,120.99,0.05,2023-08-25,UPI,1
CUST1296,North,Furniture,Chair,8,185.17,1481.36,414.86,0.19,2024-01-02,UPI,5
CUST1297,West,Furniture,Sofa,4,211.05,844.2,194.23,0.17,2024-07-09,Cash,1
CUST1298,Central,Beauty,Cream,3,115.48,346.44,61.99,0.19,2023-04-05,UPI,4
CUST1299,East,Clothing,Jacket,2,278.78,557.56,28.99,0.06,2024-02-15,Cash,5
CUST1300,South,Grocery,Snacks,10,486.07,4860.7,1455.52,0.15,2024-02-05,Card,2
CUST1301,North,Grocery,Rice,4,273.06,1092.24,228.26,0.19,2023-01-20,UPI,4
CUST1302,East,Electronics,Laptop,9,491.64,4424.76,685.63,0.19,2023-05-03,Card,3
CUST1303,North,Electronics,Laptop,9,209.46,1885.14,516.33,0.19,2025-07-27,UPI,5
CUST1304,North,Sports,Tennis Racket,7,42.04,294.28,56.49,0.13,2025-06-09,Card,2
CUST1305,East,Clothing,Jacket,7,351.86,2463.02,575.95,0.09,2024-10-13,Card,1
CUST1306,South,Furniture,Chair,3,57.3,171.9,27.92,0.08,2024-10-05,Cash,2
CUST1307,West,Clothing,Shoes,5,426.98,2134.9,155.0,0.17,2024-09-15,UPI,2
CUST1308,East,Furniture,Chair,4,484.36,1937.44,288.8,0.14,2023-04-11,Cash,2
CUST1309,North,Grocery,Spices,9,375.3,3377.7,379.87,0.02,2025-08-04,Card,1
CUST1310,North,Electronics,Laptop,3,103.08,309.24,46.43,0.12,2023-06-22,Cash,1
CUST1311,North,Electronics,Laptop,8,405.6,3244.8,236.85,0.02,2024-11-10,NetBanking,1
CUST1312,South,Sports,Jersey,7,250.58,1754.06,255.54,0.03,2025-05-23,Card,2
CUST1313,East,Clothing,Shoes,3,22.15,66.45,13.61,0.13,2024-05-18,NetBanking,4
CUST1314,Central,Grocery,Rice,2,143.49,286.98,24.19,0.13,2024-02-13,Card,5
CUST1315,North,Grocery,Snacks,8,274.54,2196.32,375.94,0.06,2025-10-25,Cash,2
CUST1316,North,Clothing,Jeans,1,448.4,448.4,109.69,0.16,2023-04-30,NetBanking,5
CUST1317,East,Sports,Tennis Racket,3,54.57,163.71,35.07,0.11,2024-06-29,UPI,2
CUST1318,Central,Grocery,Snacks,3,92.17,276.51,54.78,0.18,2025-01-04,UPI,3
CUST1319,Central,Sports,Tennis Racket,10,474.44,4744.4,1229.63,0.11,2025-10-05,Card,4
CUST1320,North,Electronics,Mobile,4,302.82,1211.28,66.6,0.0,2025-09-05,Card,2
CUST1321,East,Beauty,Perfume,6,34.48,206.88,17.98,0.15,2023-10-18,Cash,1
CUST1322,East,Beauty,Facewash,10,55.01,550.1,69.01,0.2,2023-10-07,NetBanking,4
CUST1323,East,Furniture,Sofa,4,334.44,1337.76,339.27,0.06,2025-02-13,Cash,2
CUST1324,South,Beauty,Cream,10,198.84,1988.4,593.68,0.04,2023-03-08,Cash,5
CUST1325,South,Beauty,Cream,8,74.62,596.96,141.08,0.07,2024-05-02,Cash,2
CUST1326,North,Beauty,Lipstick,8,10.64,85.12,8.72,0.07,2023-05-19,UPI,1
CUST1327,North,Grocery,Spices,7,484.71,3392.97,919.96,0.18,2025-10-06,Cash,5
CUST1328,West,Electronics,Camera,10,327.23,3272.3,725.76,0.09,2023-11-30,UPI,3
CUST1329,North,Clothing,Jacket,2,41.73,83.46,7.72,0.03,2025-02-07,UPI,5
CUST1330,North,Clothing,Shoes,1,218.51,218.51,46.63,0.03,2025-06-08,UPI,3
CUST1331,South,Furniture,Cupboard,9,362.41,3261.69,758.32,0.13,2024-06-27,Cash,2
CUST1332,North,Electronics,Camera,10,277.08,2770.8,478.62,0.07,2023-04-22,NetBanking,1
CUST1333,East,Beauty,Facewash,4,53.01,212.04,21.57,0.2,2024-08-20,NetBanking,1
CUST1334,East,Grocery,Spices,8,447.96,3583.68,416.61,0.04,2025-03-04,NetBanking,3
CUST1335,South,Grocery,Rice,5,222.67,1113.35,128.98,0.11,2024-07-04,Card,1
CUST1336,North,Beauty,Lipstick,9,209.92,1889.28,451.75,0.11,2024-04-10,NetBanking,5
CUST1337,West,Sports,Jersey,10,441.42,4414.2,746.29,0.08,2023-06-11,UPI,5
CUST1338,Central,Sports,Tennis Racket,2,474.88,949.76,154.11,0.19,2023-12-09,Card,2
CUST1339,North,Grocery,Rice,7,104.95,734.65,187.81,0.17,2023-10-30,Cash,3
CUST1340,North,Electronics,Camera,9,201.69,1815.21,238.76,0.1,2024-07-19,UPI,5
CUST1341,Central,Sports,Jersey,2,210.15,420.3,36.59,0.18,2023-07-25,UPI,3
CUST1342,Central,Clothing,Shoes,5,194.61,973.05,166.78,0.01,2025-08-26,Cash,4
CUST1343,South,Sports,Jersey,1,200.92,200.92,54.2,0.01,2024-05-01,NetBanking,3
CUST1344,East,Electronics,Headphones,5,158.92,794.6,207.16,0.19,2023-07-21,Card,2
CUST1345,East,Beauty,Facewash,6,138.36,830.16,128.01,0.04,2023-07-02,Card,4
CUST1346,West,Sports,Shoes,1,260.06,260.06,23.34,0.14,2024-09-29,NetBanking,2
CUST1347,Central,Sports,Football,3,100.42,301.26,77.8,0.05,2023-04-29,NetBanking,1
CUST1348,East,Beauty,Perfume,5,187.33,936.65,155.54,0.13,2025-03-23,UPI,1
CUST1349,South,Clothing,Shoes,10,225.82,2258.2,655.17,0.12,2025-08-29,Cash,3
CUST1350,South,Clothing,T-Shirt,5,18.59,92.95,5.8,0.17,2024-03-14,Card,2
CUST1351,East,Beauty,Facewash,9,14.93,134.37,32.93,0.09,2023-01-19,Card,2
CUST1352,Central,Electronics,Laptop,5,306.13,1530.65,437.39,0.08,2024-07-17,NetBanking,3
CUST1353,West,Clothing,Jeans,8,154.56,1236.48,222.76,0.12,2025-03-24,UPI,5
CUST1354,East,Sports,Shoes,5,343.78,1718.9,292.96,0.2,2024-11-19,Cash,3
CUST1355,East,Beauty,Lipstick,4,79.22,316.88,76.48,0.16,2023-04-27,NetBanking,3
CUST1356,South,Beauty,Cream,8,498.75,3990.0,458.28,0.08,2025-05-07,UPI,5
CUST1357,Central,Furniture,Sofa,4,344.73,1378.92,288.99,0.18,2025-09-01,Cash,5
CUST1358,East,Furniture,Table,5,53.31,266.55,21.85,0.15,2024-06-13,Card,3
CUST1359,North,Furniture,Sofa,4,373.38,1493.52,189.34,0.07,2024-11-09,Cash,4
CUST1360,North,Grocery,Rice,10,292.25,2922.5,599.59,0.18,2025-08-25,UPI,4
CUST1361,Central,Clothing,Shoes,1,436.07,436.07,38.24,0.07,2024-02-15,NetBanking,2
CUST1362,East,Beauty,Perfume,2,246.35,492.7,102.36,0.06,2023-12-29,UPI,1
CUST1363,West,Clothing,Jeans,3,290.26,870.78,78.03,0.03,2023-06-30,NetBanking,4
CUST1364,West,Grocery,Spices,7,7.31,51.17,9.39,0.19,2025-02-03,Cash,5
CUST1365,South,Electronics,Mobile,4,117.0,468.0,126.01,0.03,2024-10-01,NetBanking,5
CUST1366,Central,Clothing,Jeans,2,412.8,825.6,102.83,0.09,2024-08-18,Cash,4
CUST1367,South,Clothing,Shoes,6,376.31,2257.86,205.96,0.0,2025-04-06,Card,2
CUST1368,South,Beauty,Cream,10,254.79,2547.9,205.85,0.08,2023-03-18,Cash,5
CUST1369,Central,Electronics,Mobile,2,328.52,657.04,36.09,0.08,2023-08-26,NetBanking,1
CUST1370,Central,Clothing,Shoes,3,106.72,320.16,70.89,0.06,2023-01-20,UPI,5
CUST1371,East,Sports,Tennis Racket,7,416.17,2913.19,222.07,0.06,2023-08-30,UPI,4
CUST1372,South,Sports,Tennis Racket,5,416.59,2082.95,610.89,0.14,2025-01-03,Cash,2
CUST1373,North,Sports,Jersey,4,345.66,1382.64,235.28,0.0,2024-04-25,UPI,1
CUST1374,Central,Beauty,Facewash,3,474.98,1424.94,348.94,0.14,2023-06-03,UPI,3
CUST1375,South,Grocery,Snacks,5,234.82,1174.1,88.0,0.17,2023-12-24,Cash,3
CUST1376,East,Grocery,Rice,2,426.37,852.74,232.43,0.17,2023-01-20,Card,3
CUST1377,East,Grocery,Snacks,2,189.45,378.9,51.41,0.08,2023-08-22,NetBanking,3
CUST1378,West,Beauty,Facewash,7,326.18,2283.26,569.05,0.03,2023-08-20,UPI,2
CUST1379,North,Grocery,Spices,10,340.8,3408.0,324.83,0.16,2025-02-16,UPI,2
CUST1380,West,Grocery,Rice,7,223.14,1561.98,102.83,0.0,2024-10-05,Card,3
CUST1381,Central,Sports,Football,7,332.55,2327.85,261.05,0.13,2024-12-09,NetBanking,2
CUST1382,Central,Sports,Football,1,323.48,323.48,28.86,0.17,2025-08-19,Card,1
CUST1383,West,Clothing,Jeans,6,485.22,2911.32,182.21,0.11,2024-04-01,NetBanking,4
CUST1384,South,Electronics,Camera,8,401.62,3212.96,520.58,0.09,2025-10-17,UPI,4
CUST1385,North,Electronics,Camera,7,22.74,159.18,29.81,0.16,2023-07-06,Cash,5
CUST1386,Central,Furniture,Cupboard,6,184.85,1109.1,70.5,0.17,2024-04-01,Cash,5
CUST1387,Central,Sports,Jersey,6,359.38,2156.28,169.28,0.0,2024-03-30,Cash,3
CUST1388,Central,Sports,Shoes,2,27.66,55.32,5.04,0.16,2023-10-15,NetBanking,1
CUST1389,East,Sports,Tennis Racket,4,64.77,259.08,68.15,0.09,2024-03-17,Card,3
CUST1390,North,Grocery,Rice,10,65.99,659.9,180.11,0.13,2025-07-25,Card,4
CUST1391,North,Sports,Football,9,467.98,4211.82,1093.83,0.18,2025-09-16,Card,5
CUST1392,South,Beauty,Perfume,2,196.77,393.54,78.76,0.1,2024-10-21,NetBanking,4
CUST1393,Central,Beauty,Perfume,5,201.95,1009.75,137.04,0.09,2024-08-25,Card,2
CUST1394,West,Sports,Shoes,9,431.05,3879.45,884.39,0.04,2024-03-21,Cash,3
CUST1395,South,Beauty,Perfume,9,273.53,2461.77,515.05,0.15,2023-08-25,NetBanking,5
CUST1396,Central,Beauty,Facewash,9,146.53,1318.77,345.29,0.1,2023-01-27,UPI,4
CUST1397,South,Electronics,Mobile,4,137.15,548.6,135.17,0.14,2024-08-09,Card,1
CUST1398,East,Furniture,Chair,6,407.94,2447.64,185.09,0.15,2024-04-04,NetBanking,2
CUST1399,Central,Beauty,Lipstick,1,463.61,463.61,68.1,0.19,2024-10-02,UPI,1
CUST1400,East,Furniture,Cupboard,4,456.19,1824.76,412.68,0.15,2025-01-23,Card,2
CUST1401,East,Grocery,Oil,2,97.55,195.1,18.23,0.02,2025-11-18,UPI,4
CUST1402,East,Sports,Shoes,3,84.66,253.98,66.42,0.07,2023-01-12,Card,1
CUST1403,South,Clothing,T-Shirt,10,422.35,4223.5,529.16,0.01,2025-01-03,Cash,5
CUST1404,South,Furniture,Chair,9,83.89,755.01,140.26,0.02,2025-04-06,Card,2
CUST1405,East,Clothing,Jacket,5,113.13,565.65,134.72,0.2,2025-08-30,UPI,1
CUST1406,East,Grocery,Oil,10,459.71,4597.1,510.08,0.14,2023-03-23,Cash,4
CUST1407,North,Grocery,Snacks,9,363.37,3270.33,183.72,0.16,2025-11-24,Cash,5
CUST1408,Central,Grocery,Spices,1,151.73,151.73,32.3,0.1,2024-10-18,UPI,2
CUST1409,Central,Sports,Football,2,109.34,218.68,45.35,0.17,2024-03-12,NetBanking,1
CUST1410,South,Sports,Jersey,2,374.71,749.42,66.28,0.14,2025-07-29,UPI,1
CUST1411,North,Electronics,Laptop,5,281.25,1406.25,272.45,0.18,2024-04-11,NetBanking,4
CUST1412,West,Beauty,Facewash,7,161.62,1131.34,166.73,0.11,2023-08-31,UPI,5
CUST1413,North,Beauty,Cream,6,464.38,2786.28,213.24,0.12,2024-09-09,Cash,4
CUST1414,West,Grocery,Rice,8,82.38,659.04,69.18,0.16,2025-03-11,Cash,2
CUST1415,East,Beauty,Lipstick,1,278.99,278.99,52.66,0.01,2023-09-10,NetBanking,5
CUST1416,Central,Electronics,Headphones,4,375.41,1501.64,414.28,0.04,2024-12-05,Card,2
CUST1417,South,Furniture,Sofa,4,61.74,246.96,53.77,0.17,2023-04-22,NetBanking,5
CUST1418,North,Clothing,T-Shirt,5,53.61,268.05,62.03,0.19,2025-09-24,Cash,2
CUST1419,South,Electronics,Headphones,10,39.56,395.6,38.92,0.09,2025-09-22,Cash,5
CUST1420,South,Sports,Shoes,6,479.54,2877.24,265.17,0.05,2024-10-03,Card,4
CUST1421,East,Clothing,Jeans,6,439.55,2637.3,437.03,0.15,2025-01-04,NetBanking,5
CUST1422,North,Furniture,Chair,5,430.06,2150.3,182.78,0.05,2024-02-07,UPI,1
CUST1423,North,Sports,Football,10,291.56,2915.6,706.45,0.18,2024-03-11,Cash,5
CUST1424,Central,Grocery,Oil,6,199.29,1195.74,326.27,0.03,2024-08-18,UPI,4
CUST1425,East,Sports,Football,4,424.75,1699.0,427.53,0.15,2023-12-06,Card,4
CUST1426,South,Furniture,Table,8,469.89,3759.12,225.94,0.05,2025-09-25,Cash,3
CUST1427,South,Electronics,Laptop,9,454.32,4088.88,573.72,0.18,2025-08-19,UPI,1
CUST1428,East,Electronics,Headphones,5,291.42,1457.1,280.55,0.13,2025-02-10,Cash,5
CUST1429,North,Sports,Shoes,7,486.47,3405.29,360.02,0.07,2025-04-11,Cash,4
CUST1430,West,Sports,Football,9,441.61,3974.49,635.82,0.02,2024-04-16,Cash,2
CUST1431,South,Furniture,Table,6,303.0,1818.0,462.21,0.08,2024-04-16,Cash,1
CUST1432,West,Beauty,Facewash,8,109.3,874.4,78.97,0.0,2025-04-21,UPI,2
CUST1433,Central,Sports,Tennis Racket,3,316.62,949.86,56.8,0.01,2023-10-28,Cash,2
CUST1434,Central,Grocery,Rice,5,473.89,2369.45,246.77,0.17,2025-08-23,Card,2
CUST1435,West,Sports,Tennis Racket,10,411.12,4111.2,392.5,0.05,2025-11-12,Cash,4
CUST1436,Central,Sports,Football,4,192.21,768.84,63.85,0.04,2023-02-03,NetBanking,2
CUST1437,Central,Electronics,Laptop,8,451.3,3610.4,721.91,0.15,2025-10-27,UPI,4
CUST1438,South,Sports,Football,7,263.41,1843.87,262.93,0.14,2023-03-30,NetBanking,2
CUST1439,West,Grocery,Snacks,10,403.29,4032.9,1116.97,0.09,2023-07-20,Cash,4
CUST1440,South,Electronics,Headphones,10,439.0,4390.0,667.99,0.0,2024-01-23,UPI,5
CUST1441,Central,Electronics,Mobile,7,329.0,2303.0,511.13,0.08,2024-10-08,UPI,2
CUST1442,West,Beauty,Lipstick,5,428.21,2141.05,333.77,0.12,2025-01-18,NetBanking,2
CUST1443,West,Sports,Jersey,3,188.26,564.78,106.59,0.2,2024-06-03,Cash,4
CUST1444,South,Beauty,Cream,4,226.06,904.24,203.3,0.02,2023-11-28,NetBanking,3
CUST1445,Central,Sports,Football,3,197.61,592.83,123.88,0.16,2023-07-06,NetBanking,5
CUST1446,West,Electronics,Mobile,5,114.78,573.9,40.18,0.14,2023-03-19,NetBanking,5
CUST1447,Central,Clothing,T-Shirt,3,321.94,965.82,154.28,0.17,2024-02-18,Cash,2
CUST1448,North,Sports,Tennis Racket,10,88.89,888.9,52.46,0.13,2024-05-04,Card,1
CUST1449,East,Grocery,Snacks,7,205.7,1439.9,144.1,0.15,2023-02-01,UPI,1
CUST1450,Central,Clothing,Jacket,6,481.83,2890.98,344.39,0.09,2024-02-03,NetBanking,5
CUST1451,North,Clothing,Jeans,7,255.59,1789.13,339.32,0.06,2025-10-27,UPI,5
CUST1452,East,Sports,Shoes,8,483.2,3865.6,737.53,0.15,2024-05-13,NetBanking,4
CUST1453,Central,Electronics,Camera,2,132.62,265.24,38.64,0.14,2024-03-27,Card,3
CUST1454,West,Clothing,T-Shirt,5,127.89,639.45,46.84,0.02,2024-12-01,Card,4
CUST1455,East,Clothing,Jeans,10,138.19,1381.9,396.3,0.1,2024-01-25,Card,2
CUST1456,South,Clothing,Jeans,4,105.37,421.48,47.38,0.03,2024-12-30,UPI,1
CUST1457,North,Beauty,Facewash,10,8.28,82.8,21.88,0.17,2023-03-28,Cash,5
CUST1458,East,Grocery,Snacks,8,95.52,764.16,184.21,0.06,2025-11-12,Card,5
CUST1459,South,Electronics,Camera,8,470.13,3761.04,218.67,0.08,2024-12-12,Card,4
CUST1460,North,Beauty,Facewash,6,346.16,2076.96,109.99,0.08,2024-03-07,UPI,3
CUST1461,East,Sports,Shoes,3,276.54,829.62,90.66,0.19,2025-08-23,Cash,3
CUST1462,South,Grocery,Spices,4,212.45,849.8,202.29,0.17,2025-01-17,Cash,4
CUST1463,South,Sports,Tennis Racket,10,344.58,3445.8,873.67,0.16,2024-07-06,NetBanking,4
CUST1464,South,Furniture,Table,8,403.81,3230.48,304.16,0.03,2025-10-20,Cash,4
CUST1465,East,Clothing,T-Shirt,7,53.99,377.93,34.33,0.16,2024-03-17,NetBanking,1
CUST1466,West,Beauty,Lipstick,5,183.68,918.4,174.58,0.07,2024-06-11,NetBanking,1
CUST1467,East,Beauty,Perfume,10,290.07,2900.7,615.77,0.2,2023-12-24,Cash,3
CUST1468,East,Beauty,Facewash,8,445.37,3562.96,517.58,0.09,2024-08-09,Card,2
CUST1469,East,Grocery,Spices,2,44.16,88.32,12.0,0.06,2024-10-04,Cash,3
CUST1470,Central,Beauty,Facewash,5,444.41,2222.05,544.94,0.15,2025-01-13,NetBanking,4
CUST1471,South,Furniture,Chair,3,365.25,1095.75,236.14,0.04,2023-06-13,NetBanking,1
CUST1472,North,Electronics,Camera,9,31.64,284.76,69.12,0.02,2023-06-20,Card,1
CUST1473,West,Clothing,Jeans,4,370.11,1480.44,238.04,0.03,2023-09-16,Card,1
CUST1474,North,Beauty,Lipstick,6,432.8,2596.8,433.14,0.11,2024-07-11,Card,5
CUST1475,South,Sports,Jersey,10,220.31,2203.1,462.53,0.18,2024-09-26,NetBanking,5
CUST1476,South,Electronics,Camera,5,186.06,930.3,106.94,0.0,2024-09-13,Card,3
CUST1477,East,Grocery,Rice,8,473.74,3789.92,641.51,0.15,2023-01-19,Cash,5
CUST1478,South,Electronics,Headphones,4,208.81,835.24,158.81,0.05,2025-03-19,NetBanking,4
CUST1479,South,Clothing,T-Shirt,7,314.53,2201.71,394.44,0.06,2024-07-10,Cash,4
CUST1480,South,Electronics,Laptop,3,148.35,445.05,93.11,0.05,2025-07-16,NetBanking,2
CUST1481,East,Electronics,Laptop,1,485.01,485.01,26.93,0.06,2023-07-29,Card,4
CUST1482,North,Furniture,Chair,3,12.29,36.87,3.85,0.06,2025-05-10,NetBanking,3
CUST1483,West,Beauty,Cream,6,44.71,268.26,63.75,0.01,2023-10-27,NetBanking,1
CUST1484,Central,Grocery,Oil,4,448.37,1793.48,201.8,0.17,2025-02-20,UPI,2
CUST1485,West,Grocery,Oil,1,103.59,103.59,24.22,0.1,2023-07-12,Card,4
CUST1486,West,Beauty,Lipstick,6,83.51,501.06,116.28,0.05,2023-09-08,Cash,2
CUST1487,East,Electronics,Laptop,2,121.8,243.6,38.62,0.03,2023-01-31,Cash,5
CUST1488,North,Grocery,Oil,1,484.57,484.57,94.62,0.14,2025-08-31,Card,3
CUST1489,North,Furniture,Table,8,50.24,401.92,82.26,0.01,2023-05-03,Card,5
CUST1490,North,Furniture,Cupboard,4,161.79,647.16,122.69,0.16,2024-12-12,NetBanking,2
CUST1491,North,Beauty,Facewash,6,363.58,2181.48,245.8,0.1,2023-03-22,NetBanking,5
CUST1492,East,Sports,Jersey,4,285.52,1142.08,212.32,0.15,2024-10-24,Cash,5
CUST1493,Central,Furniture,Chair,9,81.74,735.66,91.16,0.11,2024-06-23,NetBanking,1
CUST1494,Central,Grocery,Oil,1,311.77,311.77,43.97,0.06,2024-05-04,UPI,5
CUST1495,West,Furniture,Cupboard,9,81.3,731.7,88.38,0.13,2025-04-19,UPI,1
CUST1496,Central,Beauty,Cream,1,418.42,418.42,34.5,0.04,2023-03-06,NetBanking,2
CUST1497,North,Electronics,Camera,8,265.28,2122.24,478.2,0.01,2024-06-08,Card,5
CUST1498,North,Electronics,Laptop,8,464.56,3716.48,958.92,0.16,2025-08-16,UPI,3
CUST1499,Central,Beauty,Facewash,6,398.15,2388.9,154.26,0.11,2024-06-28,UPI,3
