Campaign_ID,Campaign_Name,Channel,Region,Budget (₹),Spent (₹),Leads_Generated,Conversions,Conversion_Rate (%),Revenue (₹),ROI (%),Status,Start_Date,End_Date
CAMP-001,Diwali Dhamaka,Email,South,87265,172360,4498,1103,10.26,445395,153.23,Active,2024-01-01,2024-02-01
CAMP-002,Monsoon Offer,Influencer,West,461066,273627,122,648,4.49,749158,79.96,Completed,2024-01-02,2024-02-02
CAMP-003,New Year Blast,Influencer,South,299321,115081,1964,1432,4.94,124601,118.65,Paused,2024-01-03,2024-02-03
CAMP-004,Monsoon Offer,Radio,Central,116150,56877,2522,681,11.94,975779,34.64,Active,2024-01-04,2024-02-04
CAMP-005,Monsoon Offer,Print Media,South,137312,393706,3096,1236,6.97,360001,135.2,Completed,2024-01-05,2024-02-05
CAMP-006,Winter Fest,Social Media,East,139613,428529,757,1181,12.08,437699,74.07,Active,2024-01-06,2024-02-06
CAMP-007,New Year Blast,Social Media,East,387054,231957,1854,953,12.43,544700,77.36,Completed,2024-01-07,2024-02-07
CAMP-008,New Year Blast,Influencer,East,364519,92715,3763,208,12.93,332844,122.85,Completed,2024-01-08,2024-02-08
CAMP-009,New Year Blast,Radio,East,171826,161398,2614,1459,13.79,832215,185.98,Completed,2024-01-09,2024-02-09
CAMP-010,Monsoon Offer,TV Ads,West,85435,130091,2525,501,6.75,482680,-5.92,Active,2024-01-10,2024-02-10
CAMP-011,Diwali Dhamaka,Social Media,Central,408587,152632,3660,905,5.12,223423,161.44,Paused,2024-01-11,2024-02-11
CAMP-012,New Year Blast,TV Ads,South,260017,361292,4305,151,8.94,143330,44.32,Active,2024-01-12,2024-02-12
CAMP-013,Flash Friday,Print Media,South,184055,103186,2873,1346,5.88,275391,77.66,Completed,2024-01-13,2024-02-13
CAMP-014,Monsoon Offer,Social Media,East,201734,439961,1785,174,9.22,263606,-15.18,Active,2024-01-14,2024-02-14
CAMP-015,Winter Fest,Social Media,East,335654,182962,1635,323,10.73,457085,46.23,Paused,2024-01-15,2024-02-15
CAMP-016,Diwali Dhamaka,SEO,North,259259,171094,116,30,10.48,241387,90.58,Active,2024-01-16,2024-02-16
CAMP-017,Flash Friday,Social Media,Central,222070,405773,3111,1115,5.93,291133,-7.64,Paused,2024-01-17,2024-02-17
CAMP-018,Flash Friday,Email,West,144071,465795,2478,1164,2.92,536904,88.04,Paused,2024-01-18,2024-02-18
CAMP-019,Winter Fest,Radio,South,318784,90316,4203,993,6.74,464170,183.96,Active,2024-01-19,2024-02-19
CAMP-020,Diwali Dhamaka,Radio,North,356691,497063,391,314,2.57,736915,3.19,Completed,2024-01-20,2024-02-20
CAMP-021,Monsoon Offer,TV Ads,North,366764,48380,2824,380,13.41,375497,148.18,Paused,2024-01-21,2024-02-21
CAMP-022,Summer Sale,Print Media,South,196389,130198,2867,862,5.52,525406,70.13,Active,2024-01-22,2024-02-22
CAMP-023,Diwali Dhamaka,Social Media,West,165608,284500,2711,393,2.74,488242,124.14,Paused,2024-01-23,2024-02-23
CAMP-024,Winter Fest,Email,North,319708,90326,1282,454,0.87,412916,37.25,Completed,2024-01-24,2024-02-24
CAMP-025,Flash Friday,TV Ads,North,208417,374591,3924,434,9.86,228048,15.09,Active,2024-01-25,2024-02-25
CAMP-026,Monsoon Offer,SEO,Central,163824,134994,2451,170,9.74,403646,15.3,Active,2024-01-26,2024-02-26
CAMP-027,Diwali Dhamaka,TV Ads,West,304444,240971,1544,1211,5.44,426087,-4.49,Active,2024-01-27,2024-02-27
CAMP-028,Summer Sale,TV Ads,North,129273,302193,4261,638,1.54,421994,20.84,Completed,2024-01-28,2024-02-28
CAMP-029,Summer Sale,Social Media,West,387003,488933,711,904,6.44,619383,126.13,Paused,2024-01-29,2024-02-29
CAMP-030,New Year Blast,SEO,South,261837,387505,3933,499,5.01,195342,173.97,Active,2024-01-30,2024-03-01
CAMP-031,New Year Blast,TV Ads,East,160017,298226,3669,1026,10.32,736268,159.11,Paused,2024-01-31,2024-03-02
CAMP-032,Winter Fest,Email,North,173618,282805,1918,336,9.28,851955,130.73,Paused,2024-02-01,2024-03-03
CAMP-033,Diwali Dhamaka,Email,Central,495609,188484,2384,607,5.79,112433,4.3,Completed,2024-02-02,2024-03-04
CAMP-034,Diwali Dhamaka,Radio,South,175341,285064,3424,1024,3.66,594279,43.62,Active,2024-02-03,2024-03-05
CAMP-035,Flash Friday,SEO,West,341574,265378,1066,298,14.83,322919,48.16,Paused,2024-02-04,2024-03-06
CAMP-036,Flash Friday,SEO,South,256604,473531,4456,602,7.08,521017,34.99,Active,2024-02-05,2024-03-07
CAMP-037,Flash Friday,Radio,North,77788,361705,257,582,10.48,397139,93.3,Active,2024-02-06,2024-03-08
CAMP-038,New Year Blast,TV Ads,West,276577,291090,2715,1387,2.54,197745,97.82,Completed,2024-02-07,2024-03-09
CAMP-039,Diwali Dhamaka,SEO,East,491759,245314,2543,37,7.54,697096,58.51,Active,2024-02-08,2024-03-10
CAMP-040,Diwali Dhamaka,Email,South,457135,458716,682,963,0.9,732416,57.83,Active,2024-02-09,2024-03-11
CAMP-041,Summer Sale,Email,North,381490,255612,2152,52,7.83,187686,162.28,Paused,2024-02-10,2024-03-12
CAMP-042,New Year Blast,Social Media,Central,408266,298453,3009,432,14.48,57415,153.64,Completed,2024-02-11,2024-03-13
CAMP-043,Monsoon Offer,SEO,West,89974,75230,3133,186,6.07,820326,47.72,Active,2024-02-12,2024-03-14
CAMP-044,New Year Blast,TV Ads,South,419453,393966,4802,538,1.07,487100,181.03,Paused,2024-02-13,2024-03-15
CAMP-045,Monsoon Offer,Radio,South,66371,443243,1981,975,0.95,984468,189.62,Completed,2024-02-14,2024-03-16
CAMP-046,Summer Sale,Radio,East,357228,485757,3769,207,6.13,828493,51.88,Completed,2024-02-15,2024-03-17
CAMP-047,Winter Fest,TV Ads,East,472845,394484,2612,619,2.82,349188,57.97,Paused,2024-02-16,2024-03-18
CAMP-048,Diwali Dhamaka,Print Media,Central,232256,79321,1729,851,0.84,762509,91.24,Paused,2024-02-17,2024-03-19
CAMP-049,Summer Sale,Influencer,Central,374060,152028,286,862,11.47,218616,187.05,Paused,2024-02-18,2024-03-20
CAMP-050,Diwali Dhamaka,Social Media,North,123972,251447,4493,31,7.15,99976,172.79,Paused,2024-02-19,2024-03-21
CAMP-051,Flash Friday,Radio,North,243259,356275,4775,1145,4.69,475468,2.56,Paused,2024-02-20,2024-03-22
CAMP-052,Winter Fest,SEO,Central,325128,461124,1590,1090,13.55,315976,66.4,Active,2024-02-21,2024-03-23
CAMP-053,Winter Fest,Social Media,Central,345183,491555,3993,1099,2.18,271883,101.74,Active,2024-02-22,2024-03-24
CAMP-054,Summer Sale,SEO,West,135431,308107,413,851,14.36,261509,90.69,Completed,2024-02-23,2024-03-25
CAMP-055,Winter Fest,Print Media,East,395835,121757,2418,107,5.05,546965,22.65,Active,2024-02-24,2024-03-26
CAMP-056,Monsoon Offer,Email,North,370750,452659,335,1177,13.38,870580,168.94,Active,2024-02-25,2024-03-27
CAMP-057,Winter Fest,Social Media,East,453832,381403,198,444,9.24,813529,128.93,Active,2024-02-26,2024-03-28
CAMP-058,Diwali Dhamaka,Radio,East,414809,321207,4087,646,12.49,568823,164.34,Paused,2024-02-27,2024-03-29
CAMP-059,Diwali Dhamaka,Social Media,Central,155373,396369,4601,1119,14.77,269526,168.93,Completed,2024-02-28,2024-03-30
CAMP-060,Diwali Dhamaka,Social Media,West,231144,398544,1816,597,4.68,948662,144.64,Completed,2024-02-29,2024-03-31
CAMP-061,Diwali Dhamaka,Social Media,South,336718,362962,4945,353,14.44,397220,76.63,Completed,2024-03-01,2024-04-01
CAMP-062,Monsoon Offer,Influencer,West,446646,286847,1062,1327,6.15,874834,114.32,Completed,2024-03-02,2024-04-02
CAMP-063,New Year Blast,Social Media,West,300195,216200,2881,580,6.09,763087,15.28,Active,2024-03-03,2024-04-03
CAMP-064,Flash Friday,SEO,East,193748,92099,2557,620,5.44,88578,128.2,Active,2024-03-04,2024-04-04
CAMP-065,Summer Sale,Email,West,454032,439065,1573,252,8.35,664741,19.44,Paused,2024-03-05,2024-04-05
CAMP-066,Diwali Dhamaka,Print Media,North,82733,182932,2835,570,2.74,465534,132.67,Completed,2024-03-06,2024-04-06
CAMP-067,Winter Fest,TV Ads,East,266752,51585,2606,969,8.53,912147,30.51,Active,2024-03-07,2024-04-07
CAMP-068,Diwali Dhamaka,Social Media,North,52050,435231,3775,41,8.35,258859,5.86,Active,2024-03-08,2024-04-08
CAMP-069,Winter Fest,Radio,South,159996,490755,4626,400,11.55,161435,16.36,Paused,2024-03-09,2024-04-09
CAMP-070,Flash Friday,Social Media,East,83933,63585,1651,286,12.59,790389,-19.56,Paused,2024-03-10,2024-04-10
CAMP-071,Flash Friday,Radio,South,74951,309102,2458,541,6.89,201538,138.12,Paused,2024-03-11,2024-04-11
CAMP-072,Flash Friday,SEO,East,82413,308161,390,1187,4.88,932174,141.13,Active,2024-03-12,2024-04-12
CAMP-073,Winter Fest,Radio,Central,215873,489923,2867,392,4.26,95475,93.29,Active,2024-03-13,2024-04-13
CAMP-074,Diwali Dhamaka,TV Ads,West,236691,406821,2546,1101,3.32,896574,15.5,Paused,2024-03-14,2024-04-14
CAMP-075,Flash Friday,Email,Central,476129,458566,4980,893,1.34,790520,-1.62,Completed,2024-03-15,2024-04-15
CAMP-076,Monsoon Offer,Radio,South,424717,425417,1775,223,5.47,207636,-15.79,Paused,2024-03-16,2024-04-16
CAMP-077,Winter Fest,Radio,West,483816,311570,1739,385,4.42,203484,16.46,Paused,2024-03-17,2024-04-17
CAMP-078,Winter Fest,Email,East,238847,299922,3317,753,14.51,143526,175.99,Paused,2024-03-18,2024-04-18
CAMP-079,Diwali Dhamaka,TV Ads,West,271888,196313,4456,222,8.59,101001,33.14,Paused,2024-03-19,2024-04-19
CAMP-080,Winter Fest,Social Media,North,311044,62229,311,88,5.54,894081,57.94,Active,2024-03-20,2024-04-20
CAMP-081,Winter Fest,Radio,West,271165,106652,1492,637,8.92,242029,3.18,Completed,2024-03-21,2024-04-21
CAMP-082,Flash Friday,Email,North,293662,410411,455,613,2.52,478733,28.92,Paused,2024-03-22,2024-04-22
CAMP-083,Diwali Dhamaka,SEO,West,216472,269474,2240,791,6.94,718516,94.23,Completed,2024-03-23,2024-04-23
CAMP-084,Flash Friday,Email,North,447710,199436,4487,1414,9.58,990568,113.71,Completed,2024-03-24,2024-04-24
CAMP-085,Flash Friday,SEO,South,261760,408647,293,1010,7.59,599999,33.98,Completed,2024-03-25,2024-04-25
CAMP-086,Diwali Dhamaka,TV Ads,Central,172744,280116,4635,689,6.33,604394,-7.3,Paused,2024-03-26,2024-04-26
CAMP-087,Summer Sale,Social Media,East,401575,367022,4157,67,14.91,901890,66.03,Active,2024-03-27,2024-04-27
CAMP-088,Flash Friday,Email,West,255763,339200,610,1059,13.26,984093,31.52,Paused,2024-03-28,2024-04-28
CAMP-089,Monsoon Offer,Print Media,Central,93001,440706,4187,890,9.54,532488,28.3,Completed,2024-03-29,2024-04-29
CAMP-090,Monsoon Offer,Print Media,East,117364,39975,2775,456,8.76,442573,191.17,Completed,2024-03-30,2024-04-30
CAMP-091,Winter Fest,Influencer,East,437132,177795,643,75,9.5,267583,115.59,Active,2024-03-31,2024-05-01
CAMP-092,Monsoon Offer,Radio,North,357172,436495,1876,1287,3.42,413898,102.51,Paused,2024-04-01,2024-05-02
CAMP-093,Winter Fest,TV Ads,South,288506,229373,3279,1077,6.23,188286,71.47,Completed,2024-04-02,2024-05-03
CAMP-094,Summer Sale,Email,South,278731,424777,3337,1130,1.07,277189,74.37,Active,2024-04-03,2024-05-04
CAMP-095,Diwali Dhamaka,Print Media,Central,480789,217133,4123,1021,7.4,176479,99.0,Completed,2024-04-04,2024-05-05
CAMP-096,Diwali Dhamaka,Radio,South,181878,370541,183,236,8.37,470343,133.21,Active,2024-04-05,2024-05-06
CAMP-097,Diwali Dhamaka,Print Media,West,436487,200225,3188,783,3.8,186213,134.47,Active,2024-04-06,2024-05-07
CAMP-098,Monsoon Offer,Email,South,237710,315286,3969,688,14.48,603172,17.77,Paused,2024-04-07,2024-05-08
CAMP-099,Summer Sale,SEO,Central,178301,309060,122,1469,13.69,314852,90.02,Completed,2024-04-08,2024-05-09
CAMP-100,Monsoon Offer,Email,South,438439,84324,4544,610,10.97,854807,70.63,Paused,2024-04-09,2024-05-10
CAMP-101,Monsoon Offer,Influencer,West,210829,196037,4275,388,8.23,589376,171.52,Completed,2024-04-10,2024-05-11
CAMP-102,Summer Sale,Email,North,84636,408076,3028,1211,13.11,369759,118.91,Paused,2024-04-11,2024-05-12
CAMP-103,Summer Sale,Email,Central,261169,155720,4411,1460,2.39,422282,97.15,Completed,2024-04-12,2024-05-13
CAMP-104,Summer Sale,Influencer,North,229352,186205,2035,718,11.96,750406,5.39,Paused,2024-04-13,2024-05-14
CAMP-105,Summer Sale,TV Ads,North,336406,463893,842,316,2.31,322158,113.24,Active,2024-04-14,2024-05-15
CAMP-106,Diwali Dhamaka,Email,North,392579,116059,4309,788,12.02,769785,5.78,Completed,2024-04-15,2024-05-16
CAMP-107,New Year Blast,Influencer,East,243283,118317,144,513,4.5,446489,54.19,Completed,2024-04-16,2024-05-17
CAMP-108,New Year Blast,Radio,East,498058,221207,1183,277,13.22,752495,11.43,Active,2024-04-17,2024-05-18
CAMP-109,Summer Sale,SEO,North,440727,317190,4967,17,14.19,414986,132.26,Paused,2024-04-18,2024-05-19
CAMP-110,New Year Blast,SEO,Central,295596,460280,287,517,2.66,998385,25.38,Completed,2024-04-19,2024-05-20
CAMP-111,New Year Blast,Email,West,481413,121459,2996,485,7.21,540238,66.21,Completed,2024-04-20,2024-05-21
CAMP-112,Summer Sale,TV Ads,West,353988,257697,2580,1330,14.72,128077,177.05,Paused,2024-04-21,2024-05-22
CAMP-113,New Year Blast,TV Ads,South,376898,220422,2010,173,7.51,189784,24.95,Active,2024-04-22,2024-05-23
CAMP-114,Monsoon Offer,Radio,Central,477373,328037,1098,494,13.02,255776,91.72,Paused,2024-04-23,2024-05-24
CAMP-115,Winter Fest,Email,East,389273,121520,2579,1105,9.04,365018,72.24,Paused,2024-04-24,2024-05-25
CAMP-116,Winter Fest,SEO,North,352186,407962,3014,576,5.94,119087,-16.01,Paused,2024-04-25,2024-05-26
CAMP-117,Summer Sale,TV Ads,South,111665,81272,1013,914,4.64,848729,154.41,Completed,2024-04-26,2024-05-27
CAMP-118,Diwali Dhamaka,Email,West,296584,243224,586,568,3.45,814629,-4.81,Active,2024-04-27,2024-05-28
CAMP-119,Summer Sale,Print Media,East,166953,349793,4273,247,11.55,863560,84.34,Active,2024-04-28,2024-05-29
CAMP-120,Diwali Dhamaka,TV Ads,East,208448,346818,3729,1137,6.1,642656,103.35,Paused,2024-04-29,2024-05-30
CAMP-121,Winter Fest,Influencer,North,236626,164832,4237,1243,7.91,793859,118.25,Completed,2024-04-30,2024-05-31
CAMP-122,Summer Sale,Print Media,West,195271,172999,3774,563,7.64,391102,131.5,Paused,2024-05-01,2024-06-01
CAMP-123,Flash Friday,TV Ads,Central,168533,368619,592,837,8.87,345064,35.72,Completed,2024-05-02,2024-06-02
CAMP-124,Monsoon Offer,SEO,East,494164,81367,895,477,13.05,301514,-17.8,Completed,2024-05-03,2024-06-03
CAMP-125,New Year Blast,Social Media,North,123781,249027,3653,1487,14.72,978660,139.16,Completed,2024-05-04,2024-06-04
CAMP-126,Diwali Dhamaka,Print Media,Central,116262,425804,3086,1301,6.41,192180,97.84,Completed,2024-05-05,2024-06-05
CAMP-127,Flash Friday,Radio,West,358744,403894,2544,395,12.5,999349,163.95,Active,2024-05-06,2024-06-06
CAMP-128,New Year Blast,Radio,East,126898,252750,4535,784,11.59,970304,160.71,Completed,2024-05-07,2024-06-07
CAMP-129,New Year Blast,SEO,Central,199369,255806,2769,857,8.82,834192,165.53,Completed,2024-05-08,2024-06-08
CAMP-130,Summer Sale,TV Ads,Central,80448,400298,1934,396,14.36,485928,86.72,Paused,2024-05-09,2024-06-09
CAMP-131,New Year Blast,Email,Central,338316,203305,4188,886,3.41,970114,53.4,Paused,2024-05-10,2024-06-10
CAMP-132,Monsoon Offer,TV Ads,East,486090,64738,4399,268,2.08,651891,154.14,Active,2024-05-11,2024-06-11
CAMP-133,Flash Friday,SEO,East,57657,53397,3251,292,12.88,83872,79.28,Paused,2024-05-12,2024-06-12
CAMP-134,New Year Blast,Radio,South,306689,364333,2760,49,6.87,322872,20.36,Completed,2024-05-13,2024-06-13
CAMP-135,Summer Sale,TV Ads,West,468641,358511,2003,495,12.78,407246,168.09,Paused,2024-05-14,2024-06-14
CAMP-136,Monsoon Offer,Radio,North,469901,222332,4787,938,13.45,538535,174.16,Active,2024-05-15,2024-06-15
CAMP-137,Winter Fest,Print Media,Central,424999,402729,3900,229,1.41,434193,82.59,Paused,2024-05-16,2024-06-16
CAMP-138,Flash Friday,Email,South,467794,358763,739,1162,13.31,857015,-3.35,Paused,2024-05-17,2024-06-17
CAMP-139,New Year Blast,Print Media,North,209903,131453,2000,1024,7.0,135774,65.32,Active,2024-05-18,2024-06-18
CAMP-140,Summer Sale,Radio,South,57906,39816,506,1033,7.9,974767,156.78,Active,2024-05-19,2024-06-19
CAMP-141,Winter Fest,Radio,East,373557,455456,2180,622,9.59,438518,178.39,Completed,2024-05-20,2024-06-20
CAMP-142,Winter Fest,Social Media,Central,104028,419492,4026,937,13.93,248522,24.76,Paused,2024-05-21,2024-06-21
CAMP-143,Diwali Dhamaka,Social Media,North,319431,265011,4294,697,0.78,270357,-5.27,Completed,2024-05-22,2024-06-22
CAMP-144,Monsoon Offer,Print Media,North,345804,361674,1229,622,7.41,462672,173.02,Paused,2024-05-23,2024-06-23
CAMP-145,New Year Blast,Influencer,North,372648,436715,4335,269,10.47,927550,65.67,Paused,2024-05-24,2024-06-24
CAMP-146,Summer Sale,Print Media,North,240792,391000,3615,999,10.98,115942,99.19,Completed,2024-05-25,2024-06-25
CAMP-147,Diwali Dhamaka,Social Media,North,152979,233567,932,975,10.54,587977,192.97,Paused,2024-05-26,2024-06-26
CAMP-148,Monsoon Offer,Radio,South,84701,91635,449,375,2.45,607564,-5.36,Paused,2024-05-27,2024-06-27
CAMP-149,Diwali Dhamaka,SEO,Central,133300,389947,658,553,4.84,559565,122.63,Paused,2024-05-28,2024-06-28
CAMP-150,Flash Friday,Print Media,East,291249,236184,1688,658,5.7,572552,-3.7,Active,2024-05-29,2024-06-29
CAMP-151,Monsoon Offer,Radio,East,198746,318090,2198,823,12.16,676256,62.6,Completed,2024-05-30,2024-06-30
CAMP-152,Monsoon Offer,SEO,East,133560,337348,1432,1049,4.54,463089,156.84,Active,2024-05-31,2024-07-01
CAMP-153,New Year Blast,SEO,East,292615,202958,1453,1162,3.56,849482,75.36,Completed,2024-06-01,2024-07-02
CAMP-154,Monsoon Offer,Social Media,South,467090,484868,869,584,14.38,640504,199.38,Completed,2024-06-02,2024-07-03
CAMP-155,Diwali Dhamaka,Print Media,West,93642,297707,3342,1142,0.63,789804,102.99,Paused,2024-06-03,2024-07-04
CAMP-156,Monsoon Offer,TV Ads,Central,377304,112324,869,1022,14.97,396184,50.66,Completed,2024-06-04,2024-07-05
CAMP-157,New Year Blast,Email,North,329746,243536,469,679,10.31,595932,28.42,Active,2024-06-05,2024-07-06
CAMP-158,New Year Blast,Social Media,West,415464,252944,4269,278,12.51,112021,57.11,Active,2024-06-06,2024-07-07
CAMP-159,Flash Friday,Social Media,East,138801,291991,4567,1195,4.77,742485,61.96,Active,2024-06-07,2024-07-08
CAMP-160,Diwali Dhamaka,TV Ads,West,338075,46155,3352,1293,0.71,510115,-4.88,Completed,2024-06-08,2024-07-09
CAMP-161,Winter Fest,Email,Central,144377,361815,1558,933,11.2,92291,61.31,Active,2024-06-09,2024-07-10
CAMP-162,Winter Fest,Radio,North,341336,136891,817,1135,12.6,478276,82.13,Completed,2024-06-10,2024-07-11
CAMP-163,Monsoon Offer,Influencer,North,358686,365454,2094,256,11.24,444754,139.0,Active,2024-06-11,2024-07-12
CAMP-164,Flash Friday,Print Media,Central,439159,480494,2189,140,2.57,353664,124.48,Active,2024-06-12,2024-07-13
CAMP-165,Summer Sale,Influencer,Central,354664,169381,3079,362,11.42,75675,135.93,Completed,2024-06-13,2024-07-14
CAMP-166,Monsoon Offer,Radio,East,376916,151691,1599,205,11.65,723647,-18.16,Active,2024-06-14,2024-07-15
CAMP-167,Flash Friday,Social Media,North,362250,496410,1814,939,10.05,312318,27.89,Paused,2024-06-15,2024-07-16
CAMP-168,Diwali Dhamaka,Email,West,131121,463324,2695,1415,11.61,142268,125.57,Completed,2024-06-16,2024-07-17
CAMP-169,Diwali Dhamaka,Social Media,South,75559,54707,3766,1031,12.77,347142,86.48,Completed,2024-06-17,2024-07-18
CAMP-170,Diwali Dhamaka,SEO,South,417739,433553,4655,654,9.4,758672,-18.83,Completed,2024-06-18,2024-07-19
CAMP-171,Diwali Dhamaka,Social Media,Central,83742,363681,4531,236,1.78,979616,156.99,Paused,2024-06-19,2024-07-20
CAMP-172,Diwali Dhamaka,Social Media,East,381813,217576,2343,710,7.57,679698,150.02,Completed,2024-06-20,2024-07-21
CAMP-173,Flash Friday,Radio,South,202826,198686,4887,274,1.63,387369,100.65,Active,2024-06-21,2024-07-22
CAMP-174,Flash Friday,Radio,North,185044,242500,2758,1405,6.41,881246,-5.38,Active,2024-06-22,2024-07-23
CAMP-175,New Year Blast,Radio,Central,382975,373299,950,1467,6.4,397235,148.63,Active,2024-06-23,2024-07-24
CAMP-176,Winter Fest,Influencer,West,162217,282425,3134,655,1.46,362863,108.42,Completed,2024-06-24,2024-07-25
CAMP-177,Diwali Dhamaka,SEO,Central,91873,178492,2059,220,5.56,179887,152.03,Active,2024-06-25,2024-07-26
CAMP-178,Summer Sale,Radio,West,418676,494112,291,1410,2.11,346063,145.38,Completed,2024-06-26,2024-07-27
CAMP-179,Flash Friday,Email,Central,438411,190102,2435,1428,12.22,385299,156.66,Active,2024-06-27,2024-07-28
CAMP-180,Summer Sale,Influencer,Central,453119,414274,4318,1483,14.24,383713,93.96,Paused,2024-06-28,2024-07-29
CAMP-181,Summer Sale,TV Ads,Central,184092,237285,721,952,1.55,877760,10.87,Paused,2024-06-29,2024-07-30
CAMP-182,Summer Sale,Email,West,353899,358404,213,1397,14.35,251554,127.65,Paused,2024-06-30,2024-07-31
CAMP-183,New Year Blast,Print Media,West,398100,179476,514,466,8.08,861050,116.5,Paused,2024-07-01,2024-08-01
CAMP-184,Flash Friday,Print Media,Central,136988,254554,3092,734,4.84,608963,143.3,Completed,2024-07-02,2024-08-02
CAMP-185,Summer Sale,Email,South,95648,180928,4642,1259,1.61,545010,17.37,Active,2024-07-03,2024-08-03
CAMP-186,Diwali Dhamaka,Radio,East,175991,160272,4845,991,7.76,855351,22.89,Paused,2024-07-04,2024-08-04
CAMP-187,Monsoon Offer,TV Ads,East,452732,346322,2492,1164,12.02,840605,175.89,Completed,2024-07-05,2024-08-05
CAMP-188,Summer Sale,TV Ads,East,427149,316141,4848,597,10.75,421513,145.0,Paused,2024-07-06,2024-08-06
CAMP-189,New Year Blast,Influencer,West,52396,438827,2405,485,1.23,862832,179.81,Paused,2024-07-07,2024-08-07
CAMP-190,Flash Friday,TV Ads,West,134082,139273,4328,995,1.56,231517,146.92,Completed,2024-07-08,2024-08-08
CAMP-191,New Year Blast,Print Media,South,462345,192307,4774,1310,6.34,120305,111.37,Completed,2024-07-09,2024-08-09
CAMP-192,Summer Sale,SEO,East,178322,268500,2607,165,4.78,742924,123.91,Active,2024-07-10,2024-08-10
CAMP-193,Flash Friday,Radio,East,182663,186129,595,1251,3.87,489030,175.61,Active,2024-07-11,2024-08-11
CAMP-194,Monsoon Offer,TV Ads,Central,61303,152311,4769,199,4.57,522963,107.34,Paused,2024-07-12,2024-08-12
CAMP-195,Summer Sale,Influencer,West,211633,254746,3885,1450,12.15,663079,119.13,Paused,2024-07-13,2024-08-13
CAMP-196,New Year Blast,Print Media,East,383863,265546,643,990,13.97,209034,14.42,Active,2024-07-14,2024-08-14
CAMP-197,Winter Fest,SEO,South,299690,216733,4889,555,6.37,528108,84.26,Active,2024-07-15,2024-08-15
CAMP-198,Diwali Dhamaka,Social Media,South,309820,146945,3854,50,13.64,644821,137.61,Completed,2024-07-16,2024-08-16
CAMP-199,New Year Blast,Social Media,East,149616,65272,1509,316,5.16,237256,39.61,Active,2024-07-17,2024-08-17
CAMP-200,Flash Friday,SEO,West,436309,371537,3543,952,7.41,526128,24.5,Active,2024-07-18,2024-08-18
CAMP-201,Summer Sale,Print Media,South,136231,343356,2651,347,3.78,940023,49.04,Paused,2024-07-19,2024-08-19
CAMP-202,Diwali Dhamaka,Influencer,Central,319458,166470,2494,1347,9.79,715938,33.13,Active,2024-07-20,2024-08-20
CAMP-203,Summer Sale,SEO,South,69623,140030,2722,1108,14.7,705348,27.28,Paused,2024-07-21,2024-08-21
CAMP-204,Flash Friday,Radio,North,248747,338647,4250,962,9.25,723984,73.47,Active,2024-07-22,2024-08-22
CAMP-205,Summer Sale,Radio,North,155228,419854,66,288,5.69,875626,179.72,Completed,2024-07-23,2024-08-23
CAMP-206,Winter Fest,Social Media,West,476346,26570,3241,1209,9.89,422047,91.55,Active,2024-07-24,2024-08-24
CAMP-207,Diwali Dhamaka,TV Ads,East,232828,350929,442,905,2.28,443605,21.34,Active,2024-07-25,2024-08-25
CAMP-208,Diwali Dhamaka,Influencer,West,409768,29110,474,282,13.39,411447,-3.07,Active,2024-07-26,2024-08-26
CAMP-209,Flash Friday,Social Media,West,207364,99141,621,846,7.79,292188,133.15,Paused,2024-07-27,2024-08-27
CAMP-210,Winter Fest,TV Ads,West,423929,32115,3681,629,7.02,426047,64.22,Completed,2024-07-28,2024-08-28
CAMP-211,New Year Blast,TV Ads,West,398350,59062,1170,871,9.0,903823,160.8,Active,2024-07-29,2024-08-29
CAMP-212,Summer Sale,Radio,Central,119274,305055,291,940,9.56,287501,125.09,Paused,2024-07-30,2024-08-30
CAMP-213,Monsoon Offer,Print Media,Central,183541,124061,3947,298,1.54,981298,155.17,Completed,2024-07-31,2024-08-31
CAMP-214,Summer Sale,Email,South,103947,314700,4145,733,10.4,370146,39.83,Paused,2024-08-01,2024-09-01
CAMP-215,Summer Sale,Print Media,North,203606,491347,2329,902,4.01,347675,132.32,Paused,2024-08-02,2024-09-02
CAMP-216,New Year Blast,Email,West,244692,410479,838,281,10.85,758175,38.09,Completed,2024-08-03,2024-09-03
CAMP-217,Summer Sale,SEO,South,98874,21969,764,1099,12.43,579274,186.6,Active,2024-08-04,2024-09-04
CAMP-218,Winter Fest,Radio,North,99708,325897,4904,492,12.16,868730,120.0,Paused,2024-08-05,2024-09-05
CAMP-219,Winter Fest,TV Ads,East,124553,496027,2899,945,8.51,313625,51.39,Paused,2024-08-06,2024-09-06
CAMP-220,Diwali Dhamaka,Influencer,Central,118344,417686,825,257,8.04,892840,39.29,Active,2024-08-07,2024-09-07
CAMP-221,Flash Friday,Email,North,361282,141863,4076,165,2.57,250339,22.0,Active,2024-08-08,2024-09-08
CAMP-222,Monsoon Offer,Print Media,East,235374,292369,2297,1080,11.74,696238,132.82,Completed,2024-08-09,2024-09-09
CAMP-223,Summer Sale,TV Ads,North,97638,143008,128,463,4.44,984339,28.12,Completed,2024-08-10,2024-09-10
CAMP-224,Summer Sale,Email,Central,128249,174268,3976,210,7.7,175355,110.97,Completed,2024-08-11,2024-09-11
CAMP-225,New Year Blast,Email,Central,418009,125823,905,133,4.62,77798,38.22,Active,2024-08-12,2024-09-12
CAMP-226,Flash Friday,Email,South,52719,295813,2198,10,2.44,665937,125.63,Paused,2024-08-13,2024-09-13
CAMP-227,Winter Fest,Influencer,West,203962,450596,1081,977,9.63,377031,159.29,Paused,2024-08-14,2024-09-14
CAMP-228,Monsoon Offer,Radio,North,479725,406542,4990,864,1.29,69477,151.17,Completed,2024-08-15,2024-09-15
CAMP-229,Diwali Dhamaka,Influencer,North,92534,130677,3321,649,11.36,460482,147.39,Active,2024-08-16,2024-09-16
CAMP-230,Winter Fest,Social Media,East,142241,266958,3626,200,5.11,267400,21.3,Paused,2024-08-17,2024-09-17
CAMP-231,Flash Friday,TV Ads,Central,462003,68320,4232,525,0.5,267060,-0.56,Completed,2024-08-18,2024-09-18
CAMP-232,Diwali Dhamaka,Radio,North,176209,460630,3506,451,7.91,439959,133.77,Paused,2024-08-19,2024-09-19
CAMP-233,New Year Blast,Radio,Central,492061,166649,3556,152,1.18,561181,61.04,Paused,2024-08-20,2024-09-20
CAMP-234,New Year Blast,Radio,North,239004,145354,457,1224,4.5,557831,75.12,Active,2024-08-21,2024-09-21
CAMP-235,Summer Sale,Print Media,South,142124,108009,2761,542,10.75,963858,-13.15,Active,2024-08-22,2024-09-22
CAMP-236,Flash Friday,Radio,West,141659,277437,3138,236,1.41,455105,37.11,Paused,2024-08-23,2024-09-23
CAMP-237,Monsoon Offer,Influencer,North,214134,468625,1718,1346,12.67,336479,-12.59,Completed,2024-08-24,2024-09-24
CAMP-238,Diwali Dhamaka,Radio,Central,125713,48625,197,958,0.56,978758,173.42,Active,2024-08-25,2024-09-25
CAMP-239,Winter Fest,SEO,South,268335,232112,4377,1335,4.08,398754,33.55,Paused,2024-08-26,2024-09-26
CAMP-240,Flash Friday,TV Ads,North,125418,306233,3947,469,11.24,323586,102.61,Active,2024-08-27,2024-09-27
CAMP-241,Flash Friday,Radio,East,178232,56487,2000,1434,5.09,882721,-11.42,Active,2024-08-28,2024-09-28
CAMP-242,New Year Blast,TV Ads,West,478048,479054,415,560,1.98,890179,126.71,Active,2024-08-29,2024-09-29
CAMP-243,Summer Sale,SEO,North,213038,248071,1724,402,5.72,873759,51.07,Paused,2024-08-30,2024-09-30
CAMP-244,Summer Sale,SEO,South,456203,392592,4581,854,4.42,983703,177.54,Completed,2024-08-31,2024-10-01
CAMP-245,Diwali Dhamaka,TV Ads,East,218383,332282,4544,1240,12.72,384971,175.39,Completed,2024-09-01,2024-10-02
CAMP-246,New Year Blast,Email,South,343719,193895,2596,219,5.04,680752,51.56,Completed,2024-09-02,2024-10-03
CAMP-247,Flash Friday,Social Media,South,375996,450424,612,1148,11.94,181184,178.21,Active,2024-09-03,2024-10-04
CAMP-248,Monsoon Offer,Print Media,East,308722,336205,3612,655,13.43,137051,199.15,Paused,2024-09-04,2024-10-05
CAMP-249,New Year Blast,Email,South,182079,443875,2539,1284,6.79,200653,161.59,Active,2024-09-05,2024-10-06
CAMP-250,Diwali Dhamaka,Email,East,252053,121376,822,228,13.69,295300,165.87,Completed,2024-09-06,2024-10-07
CAMP-251,Diwali Dhamaka,Influencer,North,126242,445106,2087,416,5.97,634010,34.78,Completed,2024-09-07,2024-10-08
CAMP-252,New Year Blast,Print Media,East,228589,361278,3473,1476,14.48,142036,106.87,Paused,2024-09-08,2024-10-09
CAMP-253,Diwali Dhamaka,Print Media,East,79257,329199,2617,1387,1.79,802922,-5.2,Active,2024-09-09,2024-10-10
CAMP-254,New Year Blast,Email,West,485423,263341,1623,897,10.46,197595,0.88,Completed,2024-09-10,2024-10-11
CAMP-255,Winter Fest,Radio,East,194353,301652,3744,567,7.66,903392,199.76,Paused,2024-09-11,2024-10-12
CAMP-256,New Year Blast,Influencer,East,373390,455503,3341,559,6.12,822997,51.86,Active,2024-09-12,2024-10-13
CAMP-257,New Year Blast,Influencer,North,313579,492132,1296,151,9.67,331696,144.6,Active,2024-09-13,2024-10-14
CAMP-258,Diwali Dhamaka,SEO,West,279947,178056,3769,621,10.71,566612,157.47,Completed,2024-09-14,2024-10-15
CAMP-259,Diwali Dhamaka,Print Media,Central,281758,130169,3889,510,0.56,191880,168.77,Completed,2024-09-15,2024-10-16
CAMP-260,Summer Sale,Email,North,141357,290269,409,849,2.92,285419,199.48,Active,2024-09-16,2024-10-17
CAMP-261,Summer Sale,SEO,North,207732,56059,2426,711,10.84,204692,33.13,Active,2024-09-17,2024-10-18
CAMP-262,Winter Fest,TV Ads,Central,448300,482785,3059,605,10.16,313031,-11.12,Completed,2024-09-18,2024-10-19
CAMP-263,Summer Sale,Social Media,East,456723,123409,3043,290,14.51,343946,70.46,Active,2024-09-19,2024-10-20
CAMP-264,New Year Blast,Influencer,South,253667,430303,1012,433,11.54,659312,8.62,Completed,2024-09-20,2024-10-21
CAMP-265,Diwali Dhamaka,TV Ads,West,133807,25704,3682,865,14.29,538765,-15.07,Active,2024-09-21,2024-10-22
CAMP-266,Summer Sale,TV Ads,South,488755,473792,1877,279,10.69,820097,59.29,Completed,2024-09-22,2024-10-23
CAMP-267,Summer Sale,Radio,Central,428097,224456,1663,163,4.82,692927,152.42,Paused,2024-09-23,2024-10-24
CAMP-268,Winter Fest,Social Media,North,188563,238200,1690,623,2.03,954680,104.56,Completed,2024-09-24,2024-10-25
CAMP-269,Flash Friday,TV Ads,North,308778,131279,2266,671,11.84,656226,48.81,Completed,2024-09-25,2024-10-26
CAMP-270,Winter Fest,TV Ads,West,231264,485676,4362,92,9.84,267813,123.96,Paused,2024-09-26,2024-10-27
CAMP-271,New Year Blast,Social Media,North,435941,178280,427,956,1.2,826388,31.04,Active,2024-09-27,2024-10-28
CAMP-272,Diwali Dhamaka,Social Media,North,376032,138516,4264,908,5.72,434890,-16.84,Paused,2024-09-28,2024-10-29
CAMP-273,Winter Fest,TV Ads,West,123609,498366,4335,1459,14.37,862481,148.16,Completed,2024-09-29,2024-10-30
CAMP-274,Summer Sale,Social Media,West,321221,217096,419,1308,7.76,389933,117.22,Active,2024-09-30,2024-10-31
CAMP-275,Diwali Dhamaka,TV Ads,Central,298512,453098,2246,293,6.77,658814,147.71,Paused,2024-10-01,2024-11-01
CAMP-276,Diwali Dhamaka,TV Ads,North,303973,439139,3797,989,7.14,451062,-11.43,Active,2024-10-02,2024-11-02
CAMP-277,Summer Sale,Radio,North,333097,396188,701,182,3.53,533779,164.17,Active,2024-10-03,2024-11-03
CAMP-278,Winter Fest,Email,Central,426826,252549,819,1360,5.85,547952,116.3,Paused,2024-10-04,2024-11-04
CAMP-279,Summer Sale,TV Ads,East,380033,49165,2471,1096,5.86,620508,103.95,Active,2024-10-05,2024-11-05
CAMP-280,Flash Friday,SEO,East,204893,87203,830,1106,1.26,882595,117.42,Paused,2024-10-06,2024-11-06
CAMP-281,Diwali Dhamaka,Influencer,East,480783,286258,1766,772,11.63,446981,170.18,Completed,2024-10-07,2024-11-07
CAMP-282,Monsoon Offer,Print Media,Central,165374,478181,4033,1408,6.54,429270,109.13,Active,2024-10-08,2024-11-08
CAMP-283,Monsoon Offer,Email,North,74860,56321,1361,642,12.42,917918,107.81,Completed,2024-10-09,2024-11-09
CAMP-284,New Year Blast,Email,Central,202267,355441,3409,796,12.83,125277,197.95,Completed,2024-10-10,2024-11-10
CAMP-285,Summer Sale,Email,Central,127475,378796,572,952,3.57,569570,146.48,Active,2024-10-11,2024-11-11
CAMP-286,Summer Sale,Radio,East,399410,381448,571,1021,10.03,533455,77.3,Paused,2024-10-12,2024-11-12
CAMP-287,New Year Blast,TV Ads,South,202499,265014,4928,407,7.35,940677,135.63,Active,2024-10-13,2024-11-13
CAMP-288,New Year Blast,Radio,North,412876,176498,2370,1153,13.26,172332,65.63,Completed,2024-10-14,2024-11-14
CAMP-289,New Year Blast,TV Ads,East,339227,37772,985,943,3.63,284231,30.35,Completed,2024-10-15,2024-11-15
CAMP-290,Diwali Dhamaka,Radio,South,268118,385898,2280,1470,10.33,597219,111.31,Paused,2024-10-16,2024-11-16
CAMP-291,Flash Friday,Radio,South,369516,285856,4090,685,9.31,139116,184.2,Active,2024-10-17,2024-11-17
CAMP-292,Summer Sale,Influencer,West,173786,414583,4633,945,4.78,301671,184.41,Completed,2024-10-18,2024-11-18
CAMP-293,Diwali Dhamaka,SEO,North,487280,258389,4991,474,2.48,892065,55.22,Completed,2024-10-19,2024-11-19
CAMP-294,New Year Blast,Radio,South,57813,135142,3747,295,9.95,523918,96.09,Completed,2024-10-20,2024-11-20
CAMP-295,Summer Sale,Influencer,East,81598,111736,2887,274,11.21,626201,26.56,Paused,2024-10-21,2024-11-21
CAMP-296,Diwali Dhamaka,Social Media,West,307951,71924,4133,329,5.08,824504,199.04,Completed,2024-10-22,2024-11-22
CAMP-297,Flash Friday,SEO,North,143106,23726,2511,682,9.85,669064,195.85,Completed,2024-10-23,2024-11-23
CAMP-298,Diwali Dhamaka,Radio,Central,339226,371296,3293,1409,6.23,75991,122.89,Active,2024-10-24,2024-11-24
CAMP-299,Flash Friday,Print Media,East,341385,47723,3409,829,10.84,564265,156.97,Active,2024-10-25,2024-11-25
CAMP-300,New Year Blast,Email,South,277286,409113,735,98,3.39,760205,137.32,Completed,2024-10-26,2024-11-26
CAMP-301,Flash Friday,Social Media,South,487785,254182,2210,1236,13.41,678380,110.49,Completed,2024-10-27,2024-11-27
CAMP-302,Summer Sale,Social Media,East,61745,382638,4038,830,4.67,279577,-8.26,Active,2024-10-28,2024-11-28
CAMP-303,New Year Blast,Influencer,South,338173,160180,4116,1010,5.83,760672,80.05,Paused,2024-10-29,2024-11-29
CAMP-304,Summer Sale,Social Media,West,194097,228786,1617,343,1.34,453777,128.45,Paused,2024-10-30,2024-11-30
CAMP-305,Monsoon Offer,SEO,North,282732,55643,88,231,2.12,984405,129.06,Paused,2024-10-31,2024-12-01
CAMP-306,Winter Fest,Radio,West,435539,182396,2594,50,7.98,811401,62.09,Paused,2024-11-01,2024-12-02
CAMP-307,Flash Friday,Radio,South,195360,386040,4925,77,4.38,145556,187.17,Paused,2024-11-02,2024-12-03
CAMP-308,Winter Fest,Print Media,Central,139186,234432,1306,997,12.61,899307,16.82,Paused,2024-11-03,2024-12-04
CAMP-309,Winter Fest,Email,North,449756,159999,3040,523,0.71,206989,90.08,Paused,2024-11-04,2024-12-05
CAMP-310,Flash Friday,Influencer,North,409912,375824,2246,1160,6.0,374264,131.99,Paused,2024-11-05,2024-12-06
CAMP-311,New Year Blast,Email,East,263030,378690,3518,1288,5.39,445204,133.37,Active,2024-11-06,2024-12-07
CAMP-312,Monsoon Offer,Social Media,East,249950,435659,2758,704,0.78,556961,122.7,Paused,2024-11-07,2024-12-08
CAMP-313,Summer Sale,Print Media,Central,91846,99973,351,1049,2.3,946473,40.56,Paused,2024-11-08,2024-12-09
CAMP-314,Diwali Dhamaka,Email,North,388076,345593,696,486,6.5,702755,14.37,Paused,2024-11-09,2024-12-10
CAMP-315,Summer Sale,SEO,Central,198554,129834,4808,1095,7.65,570616,119.91,Completed,2024-11-10,2024-12-11
CAMP-316,Diwali Dhamaka,Radio,East,335555,256386,1809,890,6.36,457472,111.85,Active,2024-11-11,2024-12-12
CAMP-317,Summer Sale,Social Media,East,494191,489959,4401,441,8.2,430634,19.46,Active,2024-11-12,2024-12-13
CAMP-318,Flash Friday,Print Media,North,390941,473449,647,277,9.13,793088,135.13,Active,2024-11-13,2024-12-14
CAMP-319,Monsoon Offer,Email,West,364451,307681,711,1068,0.64,700443,80.14,Paused,2024-11-14,2024-12-15
CAMP-320,Diwali Dhamaka,Influencer,South,446309,359720,4380,788,7.23,340374,126.91,Paused,2024-11-15,2024-12-16
CAMP-321,New Year Blast,SEO,East,334186,127522,1418,503,14.47,548682,164.22,Completed,2024-11-16,2024-12-17
CAMP-322,Summer Sale,SEO,East,102930,42612,2631,670,8.03,109778,17.34,Active,2024-11-17,2024-12-18
CAMP-323,Summer Sale,Email,West,298656,245049,3918,1358,10.32,95833,-15.79,Paused,2024-11-18,2024-12-19
CAMP-324,Diwali Dhamaka,Radio,West,487629,288615,3587,1337,5.02,859057,151.4,Active,2024-11-19,2024-12-20
CAMP-325,New Year Blast,Email,Central,294459,186703,4915,1309,11.72,606376,114.13,Completed,2024-11-20,2024-12-21
CAMP-326,New Year Blast,Social Media,Central,274695,260069,4358,1022,11.71,785010,133.92,Completed,2024-11-21,2024-12-22
CAMP-327,Flash Friday,Email,South,410027,243131,4608,1234,8.06,416081,164.39,Completed,2024-11-22,2024-12-23
CAMP-328,Flash Friday,SEO,South,345900,51348,332,1478,14.65,514507,156.62,Active,2024-11-23,2024-12-24
CAMP-329,Flash Friday,Print Media,North,103268,215804,3728,1357,2.32,246375,191.4,Paused,2024-11-24,2024-12-25
CAMP-330,Flash Friday,Email,Central,482430,283321,1536,1068,0.75,126361,97.91,Paused,2024-11-25,2024-12-26
CAMP-331,Flash Friday,Radio,East,262943,155832,4132,986,11.67,400373,87.47,Completed,2024-11-26,2024-12-27
CAMP-332,Flash Friday,Print Media,Central,308916,314923,4233,491,12.2,185189,68.42,Paused,2024-11-27,2024-12-28
CAMP-333,Monsoon Offer,Influencer,East,471818,303780,510,737,2.24,664553,13.81,Completed,2024-11-28,2024-12-29
CAMP-334,New Year Blast,TV Ads,West,234403,101889,2375,489,4.35,572154,105.97,Active,2024-11-29,2024-12-30
CAMP-335,Flash Friday,Email,Central,98901,73551,3804,1098,0.75,672006,40.94,Completed,2024-11-30,2024-12-31
CAMP-336,New Year Blast,Radio,West,412130,424772,2518,1041,4.75,372854,182.69,Active,2024-12-01,2025-01-01
CAMP-337,New Year Blast,Print Media,South,244488,440814,1774,1334,11.71,669164,108.3,Completed,2024-12-02,2025-01-02
CAMP-338,Winter Fest,Radio,South,213268,162635,1426,352,8.01,80949,110.42,Paused,2024-12-03,2025-01-03
CAMP-339,Monsoon Offer,Influencer,North,440530,66819,2793,1464,5.55,990051,58.08,Paused,2024-12-04,2025-01-04
CAMP-340,Flash Friday,SEO,Central,317770,355914,564,1457,5.89,787242,-8.56,Completed,2024-12-05,2025-01-05
CAMP-341,Summer Sale,Radio,West,188496,440182,752,341,0.52,904568,-13.02,Paused,2024-12-06,2025-01-06
CAMP-342,Diwali Dhamaka,Print Media,East,325001,232781,1703,447,4.85,161541,73.13,Paused,2024-12-07,2025-01-07
CAMP-343,Summer Sale,Radio,South,291531,473105,2116,183,9.87,769979,-1.4,Paused,2024-12-08,2025-01-08
CAMP-344,Monsoon Offer,Radio,South,296693,178059,72,568,14.63,111842,113.51,Active,2024-12-09,2025-01-09
CAMP-345,Diwali Dhamaka,Radio,East,463198,360858,2510,536,12.78,538019,173.81,Paused,2024-12-10,2025-01-10
CAMP-346,Monsoon Offer,Social Media,West,445196,209420,1354,668,0.84,282930,174.24,Active,2024-12-11,2025-01-11
CAMP-347,New Year Blast,Social Media,West,229362,44596,3350,35,13.53,339134,124.99,Completed,2024-12-12,2025-01-12
CAMP-348,Diwali Dhamaka,SEO,Central,76431,446390,411,829,11.86,721553,26.47,Paused,2024-12-13,2025-01-13
CAMP-349,New Year Blast,Email,Central,397120,346250,3777,614,11.82,342253,169.86,Paused,2024-12-14,2025-01-14
CAMP-350,Summer Sale,Radio,North,288360,483183,1334,415,7.14,180356,174.94,Paused,2024-12-15,2025-01-15
CAMP-351,Summer Sale,Influencer,South,394855,79182,564,241,6.27,986737,23.26,Completed,2024-12-16,2025-01-16
CAMP-352,Diwali Dhamaka,Email,Central,76385,369307,498,542,4.89,818917,142.23,Active,2024-12-17,2025-01-17
CAMP-353,Diwali Dhamaka,Influencer,West,481374,321454,1905,514,1.45,787090,43.03,Active,2024-12-18,2025-01-18
CAMP-354,Flash Friday,Email,East,466235,338232,3612,188,3.81,964565,156.58,Paused,2024-12-19,2025-01-19
CAMP-355,Monsoon Offer,SEO,West,330783,148803,2570,141,4.08,739870,199.39,Completed,2024-12-20,2025-01-20
CAMP-356,Flash Friday,Radio,South,135530,159978,3131,1488,7.52,837738,-13.39,Completed,2024-12-21,2025-01-21
CAMP-357,Monsoon Offer,Radio,West,280983,319058,1478,357,11.34,53849,177.42,Completed,2024-12-22,2025-01-22
CAMP-358,Flash Friday,TV Ads,North,333707,392494,4017,549,7.37,62360,116.98,Completed,2024-12-23,2025-01-23
CAMP-359,New Year Blast,Influencer,South,482557,65379,972,781,1.34,423216,194.14,Completed,2024-12-24,2025-01-24
CAMP-360,Diwali Dhamaka,Email,East,427816,491828,3187,1439,14.39,827567,82.3,Active,2024-12-25,2025-01-25
CAMP-361,Summer Sale,Email,North,448992,265900,2209,85,14.17,669055,166.43,Active,2024-12-26,2025-01-26
CAMP-362,Monsoon Offer,Social Media,South,479660,278517,2597,588,11.89,311445,-6.27,Active,2024-12-27,2025-01-27
CAMP-363,Monsoon Offer,TV Ads,East,451927,450866,3029,863,14.87,751160,53.76,Paused,2024-12-28,2025-01-28
CAMP-364,Summer Sale,Print Media,North,255390,460097,2331,203,8.39,571658,-5.26,Completed,2024-12-29,2025-01-29
CAMP-365,Flash Friday,Print Media,North,395114,328557,2699,1195,14.46,480179,194.58,Paused,2024-12-30,2025-01-30
CAMP-366,Monsoon Offer,Social Media,South,293373,157084,363,356,1.6,104330,159.73,Completed,2024-12-31,2025-01-31
CAMP-367,New Year Blast,Social Media,Central,397697,201187,2663,960,5.8,101707,167.56,Active,2025-01-01,2025-02-01
CAMP-368,Diwali Dhamaka,Social Media,North,211779,289295,3133,1394,3.77,330833,186.35,Paused,2025-01-02,2025-02-02
CAMP-369,Summer Sale,Influencer,North,220182,77716,2306,1120,3.34,603372,-1.28,Active,2025-01-03,2025-02-03
CAMP-370,Diwali Dhamaka,Influencer,East,242860,375891,1087,1295,2.54,90387,64.83,Completed,2025-01-04,2025-02-04
CAMP-371,Monsoon Offer,SEO,West,132879,243725,3539,223,9.52,911248,-4.37,Completed,2025-01-05,2025-02-05
CAMP-372,Monsoon Offer,SEO,South,482043,187450,2684,582,11.83,576930,26.37,Completed,2025-01-06,2025-02-06
CAMP-373,Summer Sale,Social Media,South,288260,193724,4033,789,8.89,878569,30.46,Active,2025-01-07,2025-02-07
CAMP-374,New Year Blast,TV Ads,Central,448871,223502,1828,271,2.63,523048,83.2,Completed,2025-01-08,2025-02-08
CAMP-375,Winter Fest,Email,Central,357003,164539,3945,739,12.26,236633,39.08,Active,2025-01-09,2025-02-09
CAMP-376,Summer Sale,Influencer,South,496841,444226,1174,292,9.72,898692,2.22,Paused,2025-01-10,2025-02-10
CAMP-377,Winter Fest,TV Ads,Central,364242,141999,747,1413,6.13,720798,16.85,Completed,2025-01-11,2025-02-11
CAMP-378,Flash Friday,Radio,East,196323,134793,2229,371,10.27,884874,12.4,Completed,2025-01-12,2025-02-12
CAMP-379,Winter Fest,Influencer,South,172413,467907,1454,1482,4.27,939493,194.08,Completed,2025-01-13,2025-02-13
CAMP-380,New Year Blast,Influencer,Central,312670,477373,1093,450,5.51,446210,147.04,Paused,2025-01-14,2025-02-14
CAMP-381,Flash Friday,SEO,South,380904,390321,1979,102,13.8,828799,192.91,Completed,2025-01-15,2025-02-15
CAMP-382,Winter Fest,Email,West,97837,32289,1063,762,4.71,437988,76.74,Active,2025-01-16,2025-02-16
CAMP-383,Flash Friday,Email,North,310550,196048,276,876,7.31,411719,41.24,Active,2025-01-17,2025-02-17
CAMP-384,Winter Fest,Print Media,South,323680,194668,1878,1457,13.41,838245,155.62,Completed,2025-01-18,2025-02-18
CAMP-385,New Year Blast,Print Media,North,78541,436387,4967,151,10.76,929459,51.78,Completed,2025-01-19,2025-02-19
CAMP-386,Winter Fest,Print Media,Central,129083,251513,2073,1324,1.4,959921,45.86,Paused,2025-01-20,2025-02-20
CAMP-387,Winter Fest,Print Media,North,494243,277368,2502,1465,2.64,134381,31.15,Paused,2025-01-21,2025-02-21
CAMP-388,Winter Fest,Radio,South,84531,106365,2135,758,0.61,824168,8.53,Paused,2025-01-22,2025-02-22
CAMP-389,Summer Sale,Radio,West,320856,250662,4333,662,9.65,891708,36.42,Completed,2025-01-23,2025-02-23
CAMP-390,Summer Sale,Influencer,Central,416245,396158,1130,710,6.99,877675,58.17,Paused,2025-01-24,2025-02-24
CAMP-391,Summer Sale,Social Media,South,377599,195211,2370,1007,2.45,243984,128.28,Paused,2025-01-25,2025-02-25
CAMP-392,New Year Blast,SEO,Central,124744,199785,3240,58,14.39,110272,-6.24,Active,2025-01-26,2025-02-26
CAMP-393,Flash Friday,SEO,East,302859,442950,2680,1335,8.18,545916,26.31,Paused,2025-01-27,2025-02-27
CAMP-394,Monsoon Offer,Print Media,North,179749,92588,2613,890,4.01,747411,157.99,Active,2025-01-28,2025-02-28
CAMP-395,Winter Fest,Influencer,East,317253,83646,3342,1223,7.76,788096,12.32,Active,2025-01-29,2025-03-01
CAMP-396,Winter Fest,TV Ads,South,361412,285798,4671,1169,10.35,303091,55.38,Paused,2025-01-30,2025-03-02
CAMP-397,New Year Blast,Social Media,West,281809,300887,3636,564,1.61,902050,170.22,Active,2025-01-31,2025-03-03
CAMP-398,Winter Fest,Influencer,Central,366759,330512,4481,413,4.48,314064,14.08,Completed,2025-02-01,2025-03-04
CAMP-399,Summer Sale,Social Media,North,132503,241097,2997,901,12.2,156121,-1.8,Completed,2025-02-02,2025-03-05
CAMP-400,Monsoon Offer,Social Media,Central,304346,225244,4009,874,7.17,520435,86.6,Paused,2025-02-03,2025-03-06
CAMP-401,Diwali Dhamaka,Social Media,South,472975,419657,2863,611,8.43,651160,46.53,Completed,2025-02-04,2025-03-07
CAMP-402,Winter Fest,Influencer,Central,135708,139735,2633,350,6.78,917564,103.95,Active,2025-02-05,2025-03-08
CAMP-403,Summer Sale,Print Media,North,241184,175683,211,713,1.14,314237,156.84,Completed,2025-02-06,2025-03-09
CAMP-404,Diwali Dhamaka,SEO,South,152471,402035,643,327,2.9,325049,10.17,Paused,2025-02-07,2025-03-10
CAMP-405,Monsoon Offer,SEO,Central,304225,127971,3309,627,6.96,696047,107.75,Paused,2025-02-08,2025-03-11
CAMP-406,Diwali Dhamaka,Print Media,West,207661,32149,4205,1396,3.53,467567,91.21,Active,2025-02-09,2025-03-12
CAMP-407,Summer Sale,Social Media,South,211087,382246,3012,391,1.22,343125,11.7,Paused,2025-02-10,2025-03-13
CAMP-408,Flash Friday,TV Ads,South,210081,341333,3938,242,12.73,910335,117.28,Completed,2025-02-11,2025-03-14
CAMP-409,Flash Friday,Email,West,395453,258976,3440,1377,14.73,907253,40.2,Paused,2025-02-12,2025-03-15
CAMP-410,Diwali Dhamaka,Influencer,East,438590,434891,4551,826,12.0,421344,87.32,Active,2025-02-13,2025-03-16
CAMP-411,New Year Blast,Email,North,243118,353175,713,562,12.88,132289,-1.9,Paused,2025-02-14,2025-03-17
CAMP-412,Diwali Dhamaka,Print Media,East,418805,62668,1182,865,4.01,690794,81.11,Completed,2025-02-15,2025-03-18
CAMP-413,Winter Fest,TV Ads,Central,207215,426889,591,828,14.43,652801,47.42,Active,2025-02-16,2025-03-19
CAMP-414,Winter Fest,Influencer,West,56154,489882,3024,192,3.36,463090,160.92,Completed,2025-02-17,2025-03-20
CAMP-415,Flash Friday,Print Media,East,202876,108204,917,1074,14.3,756291,-7.46,Active,2025-02-18,2025-03-21
CAMP-416,New Year Blast,Social Media,South,484904,231830,2116,406,14.92,450890,72.09,Paused,2025-02-19,2025-03-22
CAMP-417,Summer Sale,SEO,Central,114288,216501,481,788,10.82,362660,80.85,Active,2025-02-20,2025-03-23
CAMP-418,Winter Fest,Email,Central,101195,436885,4885,916,14.73,309480,139.5,Active,2025-02-21,2025-03-24
CAMP-419,Flash Friday,Radio,East,332725,185140,4328,1366,8.76,836331,106.34,Paused,2025-02-22,2025-03-25
CAMP-420,Monsoon Offer,Radio,East,495864,239861,1256,136,4.26,766046,126.79,Completed,2025-02-23,2025-03-26
CAMP-421,Flash Friday,TV Ads,West,342231,160507,2578,10,6.84,538067,150.95,Paused,2025-02-24,2025-03-27
CAMP-422,Winter Fest,Social Media,North,231002,245160,1219,1201,9.11,381356,169.68,Active,2025-02-25,2025-03-28
CAMP-423,Winter Fest,Email,East,214053,203321,880,28,1.56,183498,49.05,Paused,2025-02-26,2025-03-29
CAMP-424,Flash Friday,Social Media,East,119298,57384,1701,1365,9.52,304024,98.36,Active,2025-02-27,2025-03-30
CAMP-425,Summer Sale,Email,South,358311,101929,1186,593,14.73,705258,164.82,Paused,2025-02-28,2025-03-31
CAMP-426,Diwali Dhamaka,TV Ads,Central,256376,410103,2860,465,3.26,140009,197.68,Paused,2025-03-01,2025-04-01
CAMP-427,Winter Fest,TV Ads,North,486624,96153,525,966,11.99,773858,175.69,Completed,2025-03-02,2025-04-02
CAMP-428,Flash Friday,Radio,South,89499,255128,2860,1142,13.66,473159,61.72,Active,2025-03-03,2025-04-03
CAMP-429,Flash Friday,Social Media,West,437960,95388,1376,1301,14.18,771755,22.94,Completed,2025-03-04,2025-04-04
CAMP-430,New Year Blast,Influencer,West,495485,51401,1069,454,14.42,94816,87.67,Active,2025-03-05,2025-04-05
CAMP-431,Diwali Dhamaka,Radio,East,219631,222903,1886,1273,8.06,54138,143.16,Paused,2025-03-06,2025-04-06
CAMP-432,Monsoon Offer,Social Media,East,295198,139503,4306,1334,14.67,141176,88.37,Active,2025-03-07,2025-04-07
CAMP-433,Summer Sale,Radio,West,292997,252601,2498,611,11.48,388089,86.3,Completed,2025-03-08,2025-04-08
CAMP-434,Monsoon Offer,Influencer,East,146347,147834,4343,112,2.84,840449,164.41,Completed,2025-03-09,2025-04-09
CAMP-435,Diwali Dhamaka,SEO,North,360931,54084,1333,997,7.42,846883,59.51,Completed,2025-03-10,2025-04-10
CAMP-436,Diwali Dhamaka,SEO,East,347632,271459,709,1283,10.92,768316,169.15,Active,2025-03-11,2025-04-11
CAMP-437,Diwali Dhamaka,SEO,Central,386585,130641,2060,1486,4.09,406007,69.5,Completed,2025-03-12,2025-04-12
CAMP-438,Monsoon Offer,SEO,East,255735,125111,448,529,9.79,846710,52.21,Completed,2025-03-13,2025-04-13
CAMP-439,Diwali Dhamaka,Print Media,South,72431,469042,1783,1186,10.17,271552,79.88,Completed,2025-03-14,2025-04-14
CAMP-440,Flash Friday,Email,North,373825,449667,2175,868,2.86,93764,147.74,Paused,2025-03-15,2025-04-15
CAMP-441,Monsoon Offer,Print Media,South,244555,158299,2221,183,8.69,173030,7.72,Paused,2025-03-16,2025-04-16
CAMP-442,Diwali Dhamaka,Print Media,South,172720,182982,124,1376,11.69,968638,23.21,Active,2025-03-17,2025-04-17
CAMP-443,Flash Friday,Print Media,Central,99153,318185,4747,1014,7.73,899375,189.32,Active,2025-03-18,2025-04-18
CAMP-444,New Year Blast,SEO,North,318512,371064,3521,440,0.68,669955,18.61,Completed,2025-03-19,2025-04-19
CAMP-445,Diwali Dhamaka,Influencer,North,470640,347825,886,736,0.63,366462,104.9,Paused,2025-03-20,2025-04-20
CAMP-446,Monsoon Offer,TV Ads,North,424504,254386,549,859,5.68,939855,107.45,Completed,2025-03-21,2025-04-21
CAMP-447,Winter Fest,TV Ads,North,226076,363715,187,1357,13.93,416142,87.72,Completed,2025-03-22,2025-04-22
CAMP-448,Diwali Dhamaka,Email,North,269724,216553,2147,999,3.82,110128,121.84,Paused,2025-03-23,2025-04-23
CAMP-449,Winter Fest,SEO,Central,424899,481792,3746,648,9.7,269128,30.56,Paused,2025-03-24,2025-04-24
CAMP-450,Flash Friday,SEO,East,106985,280337,1935,429,3.72,858301,101.59,Paused,2025-03-25,2025-04-25
CAMP-451,New Year Blast,SEO,South,362213,147556,2807,603,5.16,283540,61.88,Active,2025-03-26,2025-04-26
CAMP-452,Summer Sale,Radio,North,364470,215246,3970,494,12.8,55039,125.57,Active,2025-03-27,2025-04-27
CAMP-453,New Year Blast,Social Media,East,158737,46160,1950,421,11.07,202353,11.07,Completed,2025-03-28,2025-04-28
CAMP-454,Diwali Dhamaka,Radio,East,262133,266242,2660,945,1.88,162935,105.59,Active,2025-03-29,2025-04-29
CAMP-455,Winter Fest,Social Media,South,204470,37633,4036,1117,6.72,584730,20.76,Paused,2025-03-30,2025-04-30
CAMP-456,Winter Fest,SEO,Central,279465,299158,1499,1146,0.92,910220,41.3,Paused,2025-03-31,2025-05-01
CAMP-457,Monsoon Offer,SEO,West,100861,362676,596,341,7.47,956161,28.12,Active,2025-04-01,2025-05-02
CAMP-458,Winter Fest,Radio,West,388041,69104,4726,1411,10.11,339730,20.22,Completed,2025-04-02,2025-05-03
CAMP-459,Monsoon Offer,Radio,East,262977,454837,2053,664,2.22,103053,161.66,Completed,2025-04-03,2025-05-04
CAMP-460,Flash Friday,Social Media,South,177118,359375,2146,50,4.69,231561,42.86,Active,2025-04-04,2025-05-05
CAMP-461,Summer Sale,TV Ads,West,380721,88388,753,968,6.27,788464,183.97,Completed,2025-04-05,2025-05-06
CAMP-462,Diwali Dhamaka,Social Media,East,246713,36014,2453,114,13.83,136346,193.38,Completed,2025-04-06,2025-05-07
CAMP-463,Monsoon Offer,Radio,Central,59078,112578,1675,211,14.9,379231,105.68,Completed,2025-04-07,2025-05-08
CAMP-464,Summer Sale,Influencer,West,468219,184827,3381,459,1.15,455841,11.46,Paused,2025-04-08,2025-05-09
CAMP-465,Winter Fest,Radio,East,374912,60390,4783,1299,11.53,608685,62.4,Paused,2025-04-09,2025-05-10
CAMP-466,Winter Fest,Influencer,East,101047,305855,3028,919,5.89,370815,155.5,Active,2025-04-10,2025-05-11
CAMP-467,Summer Sale,Email,North,383770,111658,4786,219,6.19,166214,60.83,Paused,2025-04-11,2025-05-12
CAMP-468,Winter Fest,Radio,Central,369804,77993,2889,572,11.44,535001,-0.86,Completed,2025-04-12,2025-05-13
CAMP-469,Flash Friday,Email,North,285458,225768,3434,1151,13.82,903329,102.49,Paused,2025-04-13,2025-05-14
CAMP-470,Flash Friday,TV Ads,South,493002,178285,2709,722,14.29,731509,165.93,Active,2025-04-14,2025-05-15
CAMP-471,Summer Sale,Social Media,North,445141,266860,1911,1410,8.87,448499,155.1,Paused,2025-04-15,2025-05-16
CAMP-472,Monsoon Offer,Influencer,North,265048,471000,2906,780,5.68,450826,18.53,Completed,2025-04-16,2025-05-17
CAMP-473,Monsoon Offer,Social Media,West,286293,289565,735,1117,11.92,486542,128.01,Completed,2025-04-17,2025-05-18
CAMP-474,Summer Sale,Email,East,167832,238008,4333,463,4.14,327068,28.51,Active,2025-04-18,2025-05-19
CAMP-475,Monsoon Offer,Influencer,Central,442550,37727,1669,676,8.68,687431,28.01,Paused,2025-04-19,2025-05-20
CAMP-476,Monsoon Offer,Social Media,North,175150,394562,4693,638,5.7,422397,172.3,Paused,2025-04-20,2025-05-21
CAMP-477,Flash Friday,Radio,Central,207087,24358,1481,396,10.02,412441,34.93,Paused,2025-04-21,2025-05-22
CAMP-478,Monsoon Offer,SEO,North,83320,347252,925,1383,3.99,837301,37.91,Completed,2025-04-22,2025-05-23
CAMP-479,New Year Blast,Email,South,377025,277681,4763,305,3.28,933520,-19.86,Active,2025-04-23,2025-05-24
CAMP-480,Diwali Dhamaka,Social Media,North,140827,114018,2511,267,13.81,837446,171.55,Paused,2025-04-24,2025-05-25
CAMP-481,Winter Fest,Email,West,414359,406601,1415,1114,1.98,584391,154.37,Completed,2025-04-25,2025-05-26
CAMP-482,New Year Blast,Print Media,East,469505,445333,1293,277,7.84,525738,118.01,Completed,2025-04-26,2025-05-27
CAMP-483,Monsoon Offer,Email,South,309931,314054,212,428,3.7,946749,145.06,Completed,2025-04-27,2025-05-28
CAMP-484,Flash Friday,Influencer,North,446605,146888,2024,244,1.06,476674,13.45,Paused,2025-04-28,2025-05-29
CAMP-485,Summer Sale,Print Media,Central,468899,249104,3341,1344,1.02,132409,80.83,Paused,2025-04-29,2025-05-30
CAMP-486,Monsoon Offer,Influencer,South,456845,337898,319,995,3.04,73248,57.27,Paused,2025-04-30,2025-05-31
CAMP-487,Flash Friday,SEO,South,373694,213510,681,1390,13.07,532376,0.63,Paused,2025-05-01,2025-06-01
CAMP-488,Diwali Dhamaka,Print Media,North,74826,129847,955,1246,4.6,748876,86.95,Paused,2025-05-02,2025-06-02
CAMP-489,Monsoon Offer,Radio,South,150734,442587,3521,583,14.28,996565,182.56,Paused,2025-05-03,2025-06-03
CAMP-490,Summer Sale,Email,Central,207702,464717,3303,58,8.93,729530,-11.19,Paused,2025-05-04,2025-06-04
CAMP-491,Flash Friday,Social Media,South,279834,474162,2064,1160,6.83,58024,44.12,Paused,2025-05-05,2025-06-05
CAMP-492,Flash Friday,TV Ads,Central,227235,320611,1691,232,8.91,525430,25.66,Paused,2025-05-06,2025-06-06
CAMP-493,Flash Friday,Email,North,148511,430841,254,930,7.99,284864,32.39,Completed,2025-05-07,2025-06-07
CAMP-494,Diwali Dhamaka,Email,East,323797,316037,631,1312,11.5,922379,179.86,Paused,2025-05-08,2025-06-08
CAMP-495,Monsoon Offer,SEO,South,209033,96329,890,1441,4.6,224875,82.98,Active,2025-05-09,2025-06-09
CAMP-496,Diwali Dhamaka,Radio,East,131941,51007,1769,1327,5.62,986800,82.59,Completed,2025-05-10,2025-06-10
CAMP-497,Winter Fest,TV Ads,Central,255209,190604,2693,286,13.46,403973,147.33,Paused,2025-05-11,2025-06-11
CAMP-498,Winter Fest,Print Media,South,345806,336397,2347,1471,14.22,929140,13.99,Active,2025-05-12,2025-06-12
CAMP-499,Monsoon Offer,Print Media,West,148818,32323,924,1140,13.44,923096,87.2,Paused,2025-05-13,2025-06-13
CAMP-500,Diwali Dhamaka,Print Media,East,499662,393479,739,429,6.58,461473,74.6,Active,2025-05-14,2025-06-14
