EmployeeID,EmployeeName,Gender,Age,Department,JobRole,Education,HireDate,WeekStartDate,WeekEndDate,AttendanceDays,WorkingHours,PerformanceScore,OvertimeHours,LeaveDays,Attrition,Salary,ManagerRating,PromotionEligible,Location
E1000,Employee_1,Female,28,Admin,Office Assistant,Diploma,2020-05-20,2025-09-15,2025-09-21,4,31,5,8,0,No,34863,4,Yes,Delhi
E1001,Employee_2,Female,38,IT,Software Engineer,Diploma,2021-04-11,2025-09-15,2025-09-21,3,38,5,4,0,Yes,68670,2,No,Chennai
E1002,Employee_3,Male,38,Sales,Sales Executive,Post-Graduate,2018-09-22,2025-09-15,2025-09-21,5,46,3,10,1,Yes,48716,1,Yes,Indore
E1003,Employee_4,Female,40,Finance,Finance Analyst,Diploma,2019-05-20,2025-09-15,2025-09-21,5,37,4,3,0,No,65074,3,Yes,Indore
E1004,Employee_5,Male,24,HR,HR Manager,Post-Graduate,2018-09-17,2025-09-15,2025-09-21,6,34,4,9,1,No,58122,5,No,Chennai
E1005,Employee_6,Male,35,Admin,Office Assistant,Post-Graduate,2020-06-05,2025-09-15,2025-09-21,4,51,5,3,1,Yes,52776,4,Yes,Hyderabad
E1006,Employee_7,Male,29,Operations,Supervisor,Diploma,2021-03-26,2025-09-15,2025-09-21,5,50,1,6,1,No,30446,1,No,Pune
E1007,Employee_8,Male,47,HR,HR Executive,Post-Graduate,2019-03-16,2025-09-15,2025-09-21,4,45,3,2,1,Yes,81481,4,Yes,Indore
E1008,Employee_9,Female,37,Admin,Admin Executive,MBA,2023-01-14,2025-09-15,2025-09-21,3,50,5,3,2,Yes,49199,1,No,Mumbai
E1009,Employee_10,Male,36,Marketing,Brand Executive,Diploma,2019-06-05,2025-09-15,2025-09-21,4,30,2,5,1,No,53345,3,Yes,Delhi
E1010,Employee_11,Male,27,Marketing,Marketing Analyst,MBA,2022-01-21,2025-09-15,2025-09-21,5,38,1,7,2,Yes,84305,5,No,Bangalore
E1011,Employee_12,Male,38,IT,Support Engineer,MBA,2023-06-13,2025-09-15,2025-09-21,6,38,3,9,2,Yes,35878,3,Yes,Hyderabad
E1012,Employee_13,Male,22,Finance,Accountant,Post-Graduate,2024-08-03,2025-09-15,2025-09-21,5,50,4,0,2,No,64370,1,No,Indore
E1013,Employee_14,Male,29,IT,Data Analyst,Graduate,2021-06-27,2025-09-15,2025-09-21,3,47,4,3,2,Yes,61662,2,Yes,Hyderabad
E1014,Employee_15,Male,44,Marketing,Marketing Analyst,Graduate,2021-11-14,2025-09-15,2025-09-21,6,40,4,4,1,No,68898,5,No,Chennai
E1015,Employee_16,Female,28,IT,Support Engineer,Diploma,2018-09-03,2025-09-15,2025-09-21,4,47,3,7,2,Yes,47752,2,No,Chennai
E1016,Employee_17,Female,33,Finance,Accountant,Diploma,2018-03-09,2025-09-15,2025-09-21,6,53,1,3,2,Yes,33614,4,Yes,Hyderabad
E1017,Employee_18,Female,30,IT,Support Engineer,Post-Graduate,2019-03-24,2025-09-15,2025-09-21,5,55,1,2,0,No,85395,4,No,Indore
E1018,Employee_19,Female,48,IT,Data Analyst,Diploma,2019-02-07,2025-09-15,2025-09-21,3,36,5,5,0,No,32999,2,Yes,Hyderabad
E1019,Employee_20,Male,42,IT,Support Engineer,Post-Graduate,2021-11-26,2025-09-15,2025-09-21,6,48,3,4,0,Yes,39791,3,No,Hyderabad
E1020,Employee_21,Female,25,Operations,Operations Executive,Graduate,2018-11-05,2025-09-15,2025-09-21,6,50,5,10,1,Yes,47034,1,No,Indore
E1021,Employee_22,Male,33,Operations,Operations Executive,Diploma,2019-07-09,2025-09-15,2025-09-21,5,44,2,9,1,No,71833,2,Yes,Mumbai
E1022,Employee_23,Female,42,HR,HR Executive,Graduate,2022-09-06,2025-09-15,2025-09-21,3,33,2,8,0,No,36393,1,No,Hyderabad
E1023,Employee_24,Male,23,Finance,Finance Analyst,Post-Graduate,2018-06-25,2025-09-15,2025-09-21,4,45,1,1,0,Yes,71976,5,Yes,Bangalore
E1024,Employee_25,Male,37,HR,HR Executive,Graduate,2019-11-22,2025-09-15,2025-09-21,4,45,2,3,0,No,39287,2,No,Chennai
E1025,Employee_26,Female,27,Marketing,Marketing Analyst,Diploma,2023-10-24,2025-09-15,2025-09-21,6,53,1,2,0,No,61088,3,No,Pune
E1026,Employee_27,Female,34,Finance,Finance Analyst,Graduate,2018-02-07,2025-09-15,2025-09-21,4,45,1,0,1,No,78035,1,No,Hyderabad
E1027,Employee_28,Male,29,Marketing,Marketing Analyst,MBA,2023-01-25,2025-09-15,2025-09-21,6,32,1,1,1,Yes,62915,4,No,Delhi
E1028,Employee_29,Male,29,Sales,Sales Manager,Graduate,2020-09-01,2025-09-15,2025-09-21,5,38,2,0,2,Yes,57511,5,No,Chennai
E1029,Employee_30,Male,25,Sales,Sales Executive,Post-Graduate,2019-04-17,2025-09-15,2025-09-21,3,39,2,1,1,No,33888,2,No,Delhi
E1030,Employee_31,Male,25,Sales,Sales Executive,Graduate,2024-02-09,2025-09-15,2025-09-21,4,33,1,1,1,No,63739,4,No,Hyderabad
E1031,Employee_32,Male,38,Finance,Finance Analyst,Diploma,2018-04-19,2025-09-15,2025-09-21,3,33,5,2,0,No,32506,4,No,Pune
E1032,Employee_33,Male,40,IT,Data Analyst,Graduate,2024-10-07,2025-09-15,2025-09-21,4,34,4,6,0,Yes,72459,4,Yes,Indore
E1033,Employee_34,Male,50,Sales,Sales Manager,Graduate,2019-08-23,2025-09-15,2025-09-21,6,51,4,7,1,Yes,38001,5,Yes,Mumbai
E1034,Employee_35,Male,48,Marketing,Marketing Analyst,Diploma,2019-11-26,2025-09-15,2025-09-21,4,53,4,10,0,No,53952,3,Yes,Indore
E1035,Employee_36,Female,44,Sales,Sales Executive,MBA,2021-06-16,2025-09-15,2025-09-21,6,31,4,6,0,No,37939,5,No,Chennai
E1036,Employee_37,Male,46,Marketing,Marketing Analyst,Diploma,2023-01-17,2025-09-15,2025-09-21,4,34,3,2,2,No,59853,2,No,Bangalore
E1037,Employee_38,Male,43,Admin,Office Assistant,Graduate,2020-05-20,2025-09-15,2025-09-21,5,46,1,8,2,No,62613,3,Yes,Pune
E1038,Employee_39,Male,40,HR,HR Executive,Post-Graduate,2018-07-19,2025-09-15,2025-09-21,5,37,5,9,2,No,62197,2,No,Pune
E1039,Employee_40,Female,31,Marketing,Brand Executive,Post-Graduate,2020-09-27,2025-09-15,2025-09-21,4,55,5,4,2,No,56498,3,No,Delhi
E1040,Employee_41,Male,36,Sales,Sales Executive,MBA,2021-08-30,2025-09-15,2025-09-21,3,51,4,3,1,Yes,50377,4,Yes,Bangalore
E1041,Employee_42,Male,27,HR,HR Manager,Post-Graduate,2018-02-27,2025-09-15,2025-09-21,5,34,5,9,0,Yes,55465,2,Yes,Hyderabad
E1042,Employee_43,Male,36,Sales,Sales Manager,Post-Graduate,2024-02-03,2025-09-15,2025-09-21,4,40,5,3,0,No,49244,2,Yes,Pune
E1043,Employee_44,Female,38,Finance,Accountant,MBA,2020-03-27,2025-09-15,2025-09-21,3,50,5,8,0,No,67704,5,Yes,Bangalore
E1044,Employee_45,Male,46,Marketing,Marketing Analyst,Post-Graduate,2019-11-25,2025-09-15,2025-09-21,3,32,5,7,2,Yes,72069,2,No,Pune
E1045,Employee_46,Male,35,Finance,Finance Analyst,Diploma,2018-10-26,2025-09-15,2025-09-21,5,35,3,6,1,Yes,74574,3,Yes,Hyderabad
E1046,Employee_47,Female,32,Operations,Operations Executive,Graduate,2023-05-23,2025-09-15,2025-09-21,5,40,4,10,1,No,26570,5,No,Hyderabad
E1047,Employee_48,Female,44,Operations,Operations Executive,Graduate,2020-07-30,2025-09-15,2025-09-21,4,31,3,2,2,No,77641,3,Yes,Pune
E1048,Employee_49,Female,29,HR,HR Executive,Graduate,2024-10-10,2025-09-15,2025-09-21,6,50,4,7,1,Yes,76044,5,Yes,Indore
E1049,Employee_50,Male,39,Finance,Accountant,Diploma,2018-11-16,2025-09-15,2025-09-21,4,33,2,10,1,Yes,38039,2,Yes,Pune
E1050,Employee_51,Male,27,HR,HR Executive,Diploma,2024-01-08,2025-09-15,2025-09-21,3,37,5,6,0,No,83907,3,Yes,Indore
E1051,Employee_52,Male,50,IT,Software Engineer,MBA,2020-03-10,2025-09-15,2025-09-21,6,54,5,1,0,Yes,42267,4,Yes,Hyderabad
E1052,Employee_53,Male,45,IT,Data Analyst,Post-Graduate,2021-12-05,2025-09-15,2025-09-21,5,50,5,1,2,Yes,34099,5,No,Pune
E1053,Employee_54,Female,23,Marketing,Brand Executive,MBA,2020-05-09,2025-09-15,2025-09-21,4,31,5,0,0,No,25919,1,No,Bangalore
E1054,Employee_55,Male,23,Admin,Admin Executive,Post-Graduate,2024-07-05,2025-09-15,2025-09-21,4,32,3,1,1,Yes,39886,1,No,Delhi
E1055,Employee_56,Male,41,IT,Data Analyst,Post-Graduate,2023-12-31,2025-09-15,2025-09-21,4,38,5,6,0,Yes,57088,1,Yes,Hyderabad
E1056,Employee_57,Male,36,IT,Support Engineer,Graduate,2018-08-14,2025-09-15,2025-09-21,3,43,1,8,1,No,81147,4,Yes,Pune
E1057,Employee_58,Female,22,HR,HR Manager,Diploma,2018-12-01,2025-09-15,2025-09-21,6,50,4,8,2,No,43192,1,No,Pune
E1058,Employee_59,Female,31,Operations,Supervisor,Post-Graduate,2021-04-21,2025-09-15,2025-09-21,6,34,3,8,0,Yes,82070,2,No,Hyderabad
E1059,Employee_60,Male,40,Marketing,Brand Executive,Graduate,2019-10-18,2025-09-15,2025-09-21,5,44,4,7,2,No,87998,1,Yes,Pune
E1060,Employee_61,Female,47,IT,Support Engineer,Diploma,2020-05-02,2025-09-15,2025-09-21,4,36,5,7,2,Yes,78299,5,No,Hyderabad
E1061,Employee_62,Male,31,Admin,Office Assistant,MBA,2021-07-03,2025-09-15,2025-09-21,5,39,5,2,0,Yes,85742,1,Yes,Delhi
E1062,Employee_63,Female,23,Finance,Finance Analyst,Post-Graduate,2022-06-29,2025-09-15,2025-09-21,6,31,3,1,0,No,41175,4,No,Hyderabad
E1063,Employee_64,Male,45,Operations,Supervisor,MBA,2021-06-17,2025-09-15,2025-09-21,6,54,3,8,2,Yes,72320,5,No,Chennai
E1064,Employee_65,Male,30,HR,HR Executive,MBA,2018-10-22,2025-09-15,2025-09-21,5,36,4,6,0,No,32326,4,No,Hyderabad
E1065,Employee_66,Female,33,Marketing,Brand Executive,Graduate,2020-12-30,2025-09-15,2025-09-21,6,52,2,2,2,No,49165,2,Yes,Mumbai
E1066,Employee_67,Female,23,Finance,Finance Analyst,MBA,2020-02-11,2025-09-15,2025-09-21,5,32,3,10,0,No,54790,3,Yes,Indore
E1067,Employee_68,Male,49,IT,Support Engineer,MBA,2024-06-06,2025-09-15,2025-09-21,4,46,1,2,0,Yes,52005,5,No,Bangalore
E1068,Employee_69,Female,41,Admin,Admin Executive,MBA,2024-04-27,2025-09-15,2025-09-21,6,55,4,9,2,Yes,38566,5,No,Bangalore
E1069,Employee_70,Female,30,Marketing,Marketing Analyst,Graduate,2019-07-15,2025-09-15,2025-09-21,5,47,1,1,1,No,63207,5,No,Pune
E1070,Employee_71,Female,28,Sales,Sales Manager,Post-Graduate,2021-01-04,2025-09-15,2025-09-21,3,38,5,7,0,Yes,61956,5,Yes,Pune
E1071,Employee_72,Male,24,Operations,Operations Executive,MBA,2019-06-03,2025-09-15,2025-09-21,3,45,3,1,2,Yes,72545,4,No,Mumbai
E1072,Employee_73,Female,47,IT,Data Analyst,Diploma,2021-06-19,2025-09-15,2025-09-21,6,47,1,1,1,No,61583,3,No,Chennai
E1073,Employee_74,Male,42,Operations,Operations Executive,Diploma,2020-12-14,2025-09-15,2025-09-21,4,55,4,1,0,No,74946,5,No,Chennai
E1074,Employee_75,Male,39,Marketing,Brand Executive,Diploma,2020-05-19,2025-09-15,2025-09-21,3,48,4,7,2,Yes,65243,3,No,Delhi
E1075,Employee_76,Female,25,Operations,Supervisor,Post-Graduate,2022-07-20,2025-09-15,2025-09-21,4,37,5,10,2,Yes,72406,4,No,Chennai
E1076,Employee_77,Female,49,IT,Software Engineer,MBA,2019-11-18,2025-09-15,2025-09-21,5,45,2,2,1,Yes,66327,2,No,Mumbai
E1077,Employee_78,Male,34,Finance,Finance Analyst,Post-Graduate,2019-12-21,2025-09-15,2025-09-21,6,43,2,3,1,Yes,26322,5,Yes,Pune
E1078,Employee_79,Female,30,Finance,Finance Analyst,Post-Graduate,2019-02-15,2025-09-15,2025-09-21,6,39,1,5,0,Yes,85568,3,No,Indore
E1079,Employee_80,Female,34,Operations,Supervisor,Graduate,2024-09-27,2025-09-15,2025-09-21,5,47,2,10,2,Yes,77890,3,Yes,Chennai
E1080,Employee_81,Female,49,IT,Data Analyst,Post-Graduate,2019-08-26,2025-09-15,2025-09-21,5,37,4,10,1,No,87676,3,Yes,Delhi
E1081,Employee_82,Male,38,Operations,Operations Executive,Post-Graduate,2022-07-24,2025-09-15,2025-09-21,3,46,1,3,2,No,47125,4,No,Mumbai
E1082,Employee_83,Female,26,Marketing,Marketing Analyst,Post-Graduate,2019-09-28,2025-09-15,2025-09-21,5,55,3,2,2,Yes,39249,2,No,Chennai
E1083,Employee_84,Female,40,Operations,Supervisor,MBA,2018-03-13,2025-09-15,2025-09-21,4,41,5,4,1,Yes,40386,4,Yes,Bangalore
E1084,Employee_85,Male,41,Operations,Operations Executive,Post-Graduate,2019-11-01,2025-09-15,2025-09-21,6,53,2,2,0,Yes,58944,1,No,Mumbai
E1085,Employee_86,Male,45,HR,HR Executive,Graduate,2019-03-05,2025-09-15,2025-09-21,6,31,3,2,0,Yes,39404,3,No,Pune
E1086,Employee_87,Male,29,Operations,Operations Executive,Diploma,2021-08-26,2025-09-15,2025-09-21,3,30,5,9,1,No,37354,5,Yes,Indore
E1087,Employee_88,Female,39,IT,Support Engineer,Diploma,2019-12-08,2025-09-15,2025-09-21,4,32,2,9,0,No,41607,2,Yes,Pune
E1088,Employee_89,Male,44,Operations,Supervisor,Diploma,2023-05-11,2025-09-15,2025-09-21,5,33,3,10,0,Yes,62974,2,No,Bangalore
E1089,Employee_90,Male,47,Sales,Sales Manager,MBA,2024-09-19,2025-09-15,2025-09-21,3,45,5,8,0,No,38184,2,No,Delhi
E1090,Employee_91,Male,46,HR,HR Executive,Diploma,2022-01-16,2025-09-15,2025-09-21,5,35,5,7,0,No,26236,2,No,Delhi
E1091,Employee_92,Male,45,Operations,Operations Executive,Diploma,2019-10-26,2025-09-15,2025-09-21,3,43,2,8,0,Yes,76491,4,Yes,Bangalore
E1092,Employee_93,Male,30,IT,Software Engineer,MBA,2019-08-10,2025-09-15,2025-09-21,3,46,4,0,1,No,54135,1,Yes,Hyderabad
E1093,Employee_94,Female,29,Finance,Finance Analyst,Post-Graduate,2023-08-26,2025-09-15,2025-09-21,3,38,5,1,2,No,62422,1,Yes,Mumbai
E1094,Employee_95,Male,32,HR,HR Executive,Graduate,2022-02-21,2025-09-15,2025-09-21,6,48,3,0,2,Yes,50053,3,Yes,Mumbai
E1095,Employee_96,Female,40,Operations,Operations Executive,Graduate,2019-10-27,2025-09-15,2025-09-21,6,54,1,8,1,Yes,82623,2,No,Mumbai
E1096,Employee_97,Male,41,HR,HR Manager,Diploma,2019-11-09,2025-09-15,2025-09-21,4,33,4,8,2,No,32893,5,Yes,Delhi
E1097,Employee_98,Female,23,Admin,Admin Executive,Post-Graduate,2023-09-26,2025-09-15,2025-09-21,5,32,4,10,0,Yes,36523,5,No,Pune
E1098,Employee_99,Male,38,Operations,Supervisor,Graduate,2018-12-01,2025-09-15,2025-09-21,6,38,3,3,2,Yes,74748,3,Yes,Indore
E1099,Employee_100,Male,32,Operations,Operations Executive,Graduate,2019-12-19,2025-09-15,2025-09-21,5,42,4,3,2,No,26259,4,Yes,Bangalore
E1100,Employee_101,Female,37,Finance,Accountant,Graduate,2022-08-11,2025-09-15,2025-09-21,3,40,3,5,0,No,32881,4,No,Pune
E1101,Employee_102,Male,32,Sales,Sales Manager,Post-Graduate,2022-05-23,2025-09-15,2025-09-21,5,40,3,6,2,Yes,85452,1,No,Indore
E1102,Employee_103,Female,34,HR,HR Executive,MBA,2023-03-29,2025-09-15,2025-09-21,6,32,2,9,2,Yes,61530,5,Yes,Mumbai
E1103,Employee_104,Female,38,Marketing,Marketing Analyst,Post-Graduate,2023-08-12,2025-09-15,2025-09-21,3,40,4,7,2,Yes,46159,4,Yes,Hyderabad
E1104,Employee_105,Male,30,Admin,Admin Executive,Graduate,2024-02-09,2025-09-15,2025-09-21,4,37,2,3,1,No,63940,2,No,Delhi
E1105,Employee_106,Male,40,Operations,Supervisor,Diploma,2018-12-28,2025-09-15,2025-09-21,3,31,3,3,2,Yes,33625,2,Yes,Bangalore
E1106,Employee_107,Male,40,Sales,Sales Manager,Graduate,2018-09-27,2025-09-15,2025-09-21,6,47,1,9,1,Yes,48054,2,No,Indore
E1107,Employee_108,Female,22,Sales,Sales Executive,MBA,2018-03-20,2025-09-15,2025-09-21,4,44,3,4,0,No,67940,2,Yes,Bangalore
E1108,Employee_109,Female,43,Sales,Sales Executive,MBA,2018-10-23,2025-09-15,2025-09-21,6,55,5,9,1,No,80138,4,No,Indore
E1109,Employee_110,Female,26,Sales,Sales Executive,MBA,2020-03-12,2025-09-15,2025-09-21,4,50,5,4,1,No,76844,4,Yes,Chennai
E1110,Employee_111,Male,25,HR,HR Manager,MBA,2018-08-29,2025-09-15,2025-09-21,4,36,4,5,2,Yes,68982,3,No,Indore
E1111,Employee_112,Female,32,Operations,Operations Executive,Graduate,2018-09-18,2025-09-15,2025-09-21,5,46,3,1,1,Yes,48479,4,No,Bangalore
E1112,Employee_113,Female,22,HR,HR Manager,Post-Graduate,2020-04-30,2025-09-15,2025-09-21,3,44,2,3,2,Yes,62528,1,No,Pune
E1113,Employee_114,Female,33,Operations,Supervisor,MBA,2019-05-24,2025-09-15,2025-09-21,6,31,1,9,2,Yes,67982,1,Yes,Delhi
E1114,Employee_115,Male,50,Marketing,Marketing Analyst,Graduate,2024-05-14,2025-09-15,2025-09-21,5,42,5,8,0,No,43581,3,No,Mumbai
E1115,Employee_116,Male,22,Sales,Sales Executive,Post-Graduate,2024-03-09,2025-09-15,2025-09-21,5,32,5,7,1,No,31602,5,Yes,Hyderabad
E1116,Employee_117,Male,42,Admin,Admin Executive,MBA,2022-11-27,2025-09-15,2025-09-21,3,37,2,9,1,Yes,69051,3,Yes,Hyderabad
E1117,Employee_118,Male,35,Admin,Office Assistant,Diploma,2020-01-07,2025-09-15,2025-09-21,6,38,5,9,0,Yes,40996,5,No,Chennai
E1118,Employee_119,Female,49,Sales,Sales Manager,Graduate,2022-06-20,2025-09-15,2025-09-21,3,42,2,10,0,Yes,73402,3,No,Delhi
E1119,Employee_120,Female,46,IT,Support Engineer,Diploma,2022-06-17,2025-09-15,2025-09-21,5,49,5,7,0,No,81783,3,No,Delhi
E1120,Employee_121,Male,32,Finance,Finance Analyst,Graduate,2024-05-31,2025-09-15,2025-09-21,6,49,1,4,2,Yes,34505,2,No,Chennai
E1121,Employee_122,Female,39,Sales,Sales Executive,Graduate,2023-10-03,2025-09-15,2025-09-21,5,45,5,5,1,No,25927,1,No,Mumbai
E1122,Employee_123,Male,48,Operations,Operations Executive,MBA,2019-12-10,2025-09-15,2025-09-21,6,39,4,0,1,Yes,56724,2,No,Chennai
E1123,Employee_124,Female,30,Sales,Sales Executive,Diploma,2022-08-23,2025-09-15,2025-09-21,3,35,3,5,1,Yes,84608,3,Yes,Chennai
E1124,Employee_125,Female,47,IT,Support Engineer,MBA,2020-11-17,2025-09-15,2025-09-21,5,55,4,2,0,No,87646,5,Yes,Bangalore
E1000,Employee_126,Male,26,Finance,Accountant,Graduate,2020-02-23,2025-09-22,2025-09-28,6,33,1,3,0,No,54359,5,Yes,Indore
E1001,Employee_127,Female,46,Marketing,Brand Executive,Diploma,2019-06-08,2025-09-22,2025-09-28,5,53,4,3,0,No,73388,3,Yes,Indore
E1002,Employee_128,Male,44,Sales,Sales Manager,Diploma,2023-02-25,2025-09-22,2025-09-28,3,45,5,10,1,Yes,74156,5,No,Delhi
E1003,Employee_129,Female,27,IT,Data Analyst,Diploma,2023-09-07,2025-09-22,2025-09-28,4,30,2,10,0,Yes,69054,5,No,Mumbai
E1004,Employee_130,Male,41,Admin,Office Assistant,Graduate,2024-05-04,2025-09-22,2025-09-28,4,54,5,4,1,No,38696,2,No,Hyderabad
E1005,Employee_131,Female,38,Marketing,Marketing Analyst,Diploma,2018-07-05,2025-09-22,2025-09-28,5,54,1,8,1,No,44114,3,No,Indore
E1006,Employee_132,Male,41,Admin,Admin Executive,Diploma,2018-01-04,2025-09-22,2025-09-28,4,49,3,9,2,No,68699,2,No,Indore
E1007,Employee_133,Female,45,Finance,Finance Analyst,Post-Graduate,2022-06-05,2025-09-22,2025-09-28,6,38,2,8,2,Yes,84756,1,No,Hyderabad
E1008,Employee_134,Male,48,Finance,Accountant,Graduate,2018-06-08,2025-09-22,2025-09-28,4,37,1,4,0,Yes,83519,5,No,Indore
E1009,Employee_135,Male,39,HR,HR Manager,Graduate,2024-10-28,2025-09-22,2025-09-28,3,40,1,9,0,No,50434,1,Yes,Delhi
E1010,Employee_136,Male,39,Admin,Admin Executive,Post-Graduate,2021-01-05,2025-09-22,2025-09-28,4,46,5,8,1,Yes,79734,5,Yes,Bangalore
E1011,Employee_137,Male,36,HR,HR Manager,MBA,2020-11-17,2025-09-22,2025-09-28,4,36,1,2,1,No,77333,5,No,Hyderabad
E1012,Employee_138,Female,22,HR,HR Manager,Diploma,2020-11-06,2025-09-22,2025-09-28,6,33,2,8,1,No,45111,2,Yes,Bangalore
E1013,Employee_139,Male,45,Operations,Supervisor,Post-Graduate,2024-09-21,2025-09-22,2025-09-28,4,49,5,4,0,Yes,54477,3,No,Hyderabad
E1014,Employee_140,Male,23,Finance,Accountant,Diploma,2020-02-23,2025-09-22,2025-09-28,3,47,1,9,0,No,88984,3,Yes,Hyderabad
E1015,Employee_141,Female,37,HR,HR Executive,Diploma,2018-09-03,2025-09-22,2025-09-28,3,41,4,2,2,No,73517,4,No,Chennai
E1016,Employee_142,Male,49,HR,HR Manager,Post-Graduate,2022-04-17,2025-09-22,2025-09-28,5,54,3,8,0,No,88230,1,No,Indore
E1017,Employee_143,Male,24,IT,Data Analyst,MBA,2018-10-26,2025-09-22,2025-09-28,5,35,5,5,1,Yes,71224,3,No,Delhi
E1018,Employee_144,Female,30,Operations,Supervisor,Graduate,2024-02-02,2025-09-22,2025-09-28,5,44,1,5,2,Yes,36899,5,No,Bangalore
E1019,Employee_145,Female,26,HR,HR Executive,MBA,2020-04-07,2025-09-22,2025-09-28,4,34,3,1,0,No,63337,4,Yes,Pune
E1020,Employee_146,Female,27,HR,HR Manager,Diploma,2023-02-19,2025-09-22,2025-09-28,4,47,4,2,0,No,38910,2,No,Hyderabad
E1021,Employee_147,Male,33,IT,Software Engineer,Graduate,2020-08-27,2025-09-22,2025-09-28,6,53,1,0,2,No,29496,5,No,Chennai
E1022,Employee_148,Female,50,Finance,Finance Analyst,Graduate,2024-09-18,2025-09-22,2025-09-28,3,47,4,10,2,Yes,41962,3,No,Mumbai
E1023,Employee_149,Female,43,Marketing,Brand Executive,MBA,2021-04-29,2025-09-22,2025-09-28,5,53,2,3,0,Yes,55186,5,No,Delhi
E1024,Employee_150,Female,31,Marketing,Brand Executive,Diploma,2021-09-30,2025-09-22,2025-09-28,5,33,3,5,0,Yes,47074,4,No,Hyderabad
E1025,Employee_151,Female,32,Marketing,Marketing Analyst,Graduate,2021-04-26,2025-09-22,2025-09-28,3,38,4,5,2,Yes,51648,2,Yes,Mumbai
E1026,Employee_152,Male,34,Admin,Office Assistant,Diploma,2019-06-10,2025-09-22,2025-09-28,6,44,3,2,2,No,69039,4,No,Bangalore
E1027,Employee_153,Male,49,Operations,Supervisor,Diploma,2020-05-20,2025-09-22,2025-09-28,6,51,1,8,2,Yes,25102,4,No,Indore
E1028,Employee_154,Male,45,Admin,Admin Executive,Post-Graduate,2022-09-26,2025-09-22,2025-09-28,4,36,2,4,0,No,25438,2,No,Chennai
E1029,Employee_155,Male,22,Sales,Sales Executive,MBA,2018-04-07,2025-09-22,2025-09-28,3,47,2,5,2,Yes,44514,5,Yes,Pune
E1030,Employee_156,Male,34,Admin,Admin Executive,MBA,2018-03-08,2025-09-22,2025-09-28,4,35,5,8,1,No,44886,3,Yes,Pune
E1031,Employee_157,Male,41,Admin,Office Assistant,Diploma,2019-06-29,2025-09-22,2025-09-28,6,55,2,1,2,Yes,66097,5,Yes,Mumbai
E1032,Employee_158,Female,42,IT,Support Engineer,MBA,2018-01-01,2025-09-22,2025-09-28,5,44,1,0,1,Yes,33794,3,No,Pune
E1033,Employee_159,Female,36,Operations,Operations Executive,Diploma,2024-08-02,2025-09-22,2025-09-28,4,41,5,7,1,Yes,76978,5,Yes,Pune
E1034,Employee_160,Female,30,Sales,Sales Manager,MBA,2022-12-02,2025-09-22,2025-09-28,6,50,2,4,1,No,55024,4,No,Delhi
E1035,Employee_161,Female,23,Finance,Accountant,Graduate,2020-07-13,2025-09-22,2025-09-28,5,37,5,10,2,Yes,68514,5,Yes,Hyderabad
E1036,Employee_162,Male,41,HR,HR Manager,MBA,2024-03-23,2025-09-22,2025-09-28,4,49,1,6,0,No,64806,1,No,Mumbai
E1037,Employee_163,Female,23,Marketing,Brand Executive,Graduate,2020-11-14,2025-09-22,2025-09-28,3,55,3,0,1,Yes,57201,2,Yes,Mumbai
E1038,Employee_164,Male,30,Marketing,Marketing Analyst,Diploma,2021-04-29,2025-09-22,2025-09-28,6,51,4,8,0,No,56475,4,No,Mumbai
E1039,Employee_165,Male,30,Operations,Supervisor,Diploma,2021-03-11,2025-09-22,2025-09-28,5,48,2,8,1,Yes,31870,1,No,Pune
E1040,Employee_166,Male,42,IT,Software Engineer,Post-Graduate,2022-11-15,2025-09-22,2025-09-28,6,31,2,4,1,Yes,76350,3,No,Pune
E1041,Employee_167,Female,38,Operations,Operations Executive,Diploma,2018-02-02,2025-09-22,2025-09-28,3,47,1,10,1,No,65062,1,Yes,Mumbai
E1042,Employee_168,Male,40,Marketing,Marketing Analyst,Post-Graduate,2019-08-25,2025-09-22,2025-09-28,6,42,3,10,2,Yes,50288,5,Yes,Bangalore
E1043,Employee_169,Female,45,IT,Software Engineer,Post-Graduate,2018-06-16,2025-09-22,2025-09-28,5,54,5,9,2,No,62526,1,No,Chennai
E1044,Employee_170,Female,45,Sales,Sales Manager,Graduate,2024-01-19,2025-09-22,2025-09-28,4,46,3,10,2,No,80168,5,Yes,Pune
E1045,Employee_171,Male,39,IT,Support Engineer,Graduate,2019-02-20,2025-09-22,2025-09-28,4,53,1,1,2,No,56676,4,Yes,Hyderabad
E1046,Employee_172,Male,26,IT,Support Engineer,MBA,2019-03-30,2025-09-22,2025-09-28,6,47,1,6,1,Yes,33534,1,No,Pune
E1047,Employee_173,Female,43,Marketing,Marketing Analyst,Diploma,2024-07-19,2025-09-22,2025-09-28,3,35,3,9,0,No,60145,4,No,Indore
E1048,Employee_174,Female,29,HR,HR Executive,Diploma,2018-02-07,2025-09-22,2025-09-28,4,38,1,5,0,No,50977,4,No,Hyderabad
E1049,Employee_175,Female,23,Sales,Sales Executive,Post-Graduate,2023-11-15,2025-09-22,2025-09-28,4,55,1,5,1,Yes,41841,4,Yes,Indore
E1050,Employee_176,Female,46,Operations,Operations Executive,Post-Graduate,2023-01-14,2025-09-22,2025-09-28,6,43,5,0,0,No,38757,2,Yes,Delhi
E1051,Employee_177,Female,48,HR,HR Executive,Graduate,2020-10-06,2025-09-22,2025-09-28,3,46,4,2,1,Yes,27520,2,Yes,Pune
E1052,Employee_178,Female,32,Finance,Accountant,Graduate,2024-07-29,2025-09-22,2025-09-28,3,38,4,9,1,Yes,83683,3,Yes,Hyderabad
E1053,Employee_179,Male,28,Admin,Admin Executive,Post-Graduate,2023-10-05,2025-09-22,2025-09-28,3,36,4,9,0,Yes,55095,4,No,Bangalore
E1054,Employee_180,Female,39,Finance,Finance Analyst,Post-Graduate,2023-07-18,2025-09-22,2025-09-28,5,47,3,0,0,Yes,49217,4,No,Chennai
E1055,Employee_181,Female,37,Finance,Finance Analyst,MBA,2018-12-19,2025-09-22,2025-09-28,4,31,2,4,1,No,29770,2,No,Delhi
E1056,Employee_182,Male,23,IT,Support Engineer,Graduate,2024-03-20,2025-09-22,2025-09-28,6,52,2,2,2,Yes,71851,4,No,Delhi
E1057,Employee_183,Male,44,IT,Data Analyst,MBA,2024-08-23,2025-09-22,2025-09-28,3,55,2,10,2,No,41701,1,Yes,Pune
E1058,Employee_184,Female,39,Sales,Sales Executive,Graduate,2022-08-09,2025-09-22,2025-09-28,3,43,4,4,1,No,38832,4,No,Hyderabad
E1059,Employee_185,Male,47,Admin,Office Assistant,MBA,2024-09-20,2025-09-22,2025-09-28,6,47,4,6,0,Yes,27722,3,Yes,Pune
E1060,Employee_186,Male,45,Sales,Sales Executive,Post-Graduate,2019-06-06,2025-09-22,2025-09-28,3,52,3,4,0,Yes,29786,2,Yes,Pune
E1061,Employee_187,Female,25,Admin,Office Assistant,Post-Graduate,2023-02-02,2025-09-22,2025-09-28,3,32,5,8,2,No,43487,5,Yes,Bangalore
E1062,Employee_188,Male,46,Operations,Operations Executive,Diploma,2020-07-05,2025-09-22,2025-09-28,6,38,3,0,0,No,25327,1,No,Chennai
E1063,Employee_189,Female,24,Finance,Finance Analyst,Diploma,2020-03-16,2025-09-22,2025-09-28,3,43,2,8,2,No,87925,5,Yes,Hyderabad
E1064,Employee_190,Female,25,Operations,Operations Executive,MBA,2023-02-01,2025-09-22,2025-09-28,3,34,5,5,1,Yes,63222,4,Yes,Mumbai
E1065,Employee_191,Female,45,Sales,Sales Executive,Graduate,2020-01-13,2025-09-22,2025-09-28,5,39,5,5,1,Yes,62043,2,Yes,Bangalore
E1066,Employee_192,Female,26,Sales,Sales Executive,Post-Graduate,2023-09-05,2025-09-22,2025-09-28,6,32,4,8,0,Yes,81914,4,No,Indore
E1067,Employee_193,Female,45,Admin,Admin Executive,MBA,2023-10-06,2025-09-22,2025-09-28,6,55,5,3,1,No,80986,4,No,Indore
E1068,Employee_194,Female,42,HR,HR Executive,Diploma,2023-05-05,2025-09-22,2025-09-28,6,44,1,0,2,No,37847,2,Yes,Indore
E1069,Employee_195,Female,48,IT,Support Engineer,Diploma,2021-05-01,2025-09-22,2025-09-28,5,32,3,4,1,Yes,69410,1,No,Chennai
E1070,Employee_196,Male,37,Finance,Finance Analyst,Post-Graduate,2022-01-29,2025-09-22,2025-09-28,3,55,5,5,0,No,26577,3,No,Hyderabad
E1071,Employee_197,Male,46,Marketing,Brand Executive,Diploma,2020-07-27,2025-09-22,2025-09-28,5,53,4,10,0,No,72631,4,Yes,Delhi
E1072,Employee_198,Male,38,IT,Support Engineer,Post-Graduate,2023-08-26,2025-09-22,2025-09-28,4,44,1,6,0,No,63272,1,No,Mumbai
E1073,Employee_199,Female,37,IT,Software Engineer,MBA,2021-12-22,2025-09-22,2025-09-28,4,53,4,7,1,No,30136,3,No,Indore
E1074,Employee_200,Male,37,HR,HR Executive,Diploma,2021-10-06,2025-09-22,2025-09-28,5,44,2,5,2,Yes,36176,2,Yes,Chennai
E1075,Employee_201,Male,47,IT,Data Analyst,Diploma,2020-07-30,2025-09-22,2025-09-28,6,40,5,2,1,Yes,83676,2,No,Delhi
E1076,Employee_202,Female,46,Operations,Supervisor,MBA,2021-11-21,2025-09-22,2025-09-28,4,44,1,2,0,Yes,66865,5,No,Hyderabad
E1077,Employee_203,Male,31,Sales,Sales Manager,MBA,2018-01-09,2025-09-22,2025-09-28,3,40,5,9,2,No,67192,5,No,Chennai
E1078,Employee_204,Male,30,Operations,Supervisor,MBA,2019-09-08,2025-09-22,2025-09-28,5,41,1,8,0,No,62960,1,Yes,Bangalore
E1079,Employee_205,Male,22,IT,Software Engineer,Diploma,2018-02-26,2025-09-22,2025-09-28,4,52,1,7,1,Yes,74428,2,No,Bangalore
E1080,Employee_206,Female,32,Finance,Accountant,Graduate,2020-01-22,2025-09-22,2025-09-28,5,51,5,10,1,No,71980,4,Yes,Mumbai
E1081,Employee_207,Male,22,Finance,Accountant,Diploma,2018-05-10,2025-09-22,2025-09-28,5,43,1,10,0,Yes,45723,1,Yes,Pune
E1082,Employee_208,Male,37,HR,HR Executive,Diploma,2023-02-11,2025-09-22,2025-09-28,5,47,2,8,1,Yes,43249,1,Yes,Indore
E1083,Employee_209,Female,41,Finance,Accountant,Diploma,2020-09-16,2025-09-22,2025-09-28,6,34,2,9,0,Yes,67072,3,Yes,Bangalore
E1084,Employee_210,Male,47,Admin,Admin Executive,Diploma,2023-12-07,2025-09-22,2025-09-28,4,46,1,4,1,Yes,43925,3,No,Delhi
E1085,Employee_211,Female,28,HR,HR Executive,Diploma,2023-04-30,2025-09-22,2025-09-28,6,38,4,10,2,Yes,80438,3,Yes,Indore
E1086,Employee_212,Male,40,Sales,Sales Manager,Diploma,2024-06-29,2025-09-22,2025-09-28,3,42,4,7,0,Yes,46680,4,No,Pune
E1087,Employee_213,Female,32,Finance,Finance Analyst,MBA,2022-12-29,2025-09-22,2025-09-28,4,43,3,4,1,No,39895,4,No,Mumbai
E1088,Employee_214,Female,26,Admin,Office Assistant,Diploma,2021-03-06,2025-09-22,2025-09-28,4,36,1,5,0,Yes,39186,5,Yes,Mumbai
E1089,Employee_215,Female,23,Operations,Operations Executive,MBA,2021-07-08,2025-09-22,2025-09-28,6,50,4,5,0,Yes,71477,2,Yes,Mumbai
E1090,Employee_216,Female,42,Admin,Office Assistant,MBA,2022-02-02,2025-09-22,2025-09-28,6,36,5,10,1,Yes,44963,5,Yes,Mumbai
E1091,Employee_217,Male,26,HR,HR Executive,Graduate,2019-06-19,2025-09-22,2025-09-28,3,50,4,7,2,No,85403,5,No,Pune
E1092,Employee_218,Female,22,IT,Software Engineer,Graduate,2024-05-11,2025-09-22,2025-09-28,5,30,4,0,1,Yes,37975,2,No,Mumbai
E1093,Employee_219,Female,32,Operations,Supervisor,MBA,2022-03-25,2025-09-22,2025-09-28,6,34,5,2,2,No,62124,1,Yes,Chennai
E1094,Employee_220,Female,45,IT,Data Analyst,Graduate,2022-12-02,2025-09-22,2025-09-28,6,37,4,6,0,No,73319,3,No,Chennai
E1095,Employee_221,Male,30,Admin,Office Assistant,Graduate,2024-07-16,2025-09-22,2025-09-28,4,36,1,4,2,Yes,73636,1,Yes,Pune
E1096,Employee_222,Female,35,Sales,Sales Executive,Post-Graduate,2021-11-04,2025-09-22,2025-09-28,6,49,1,7,0,Yes,75083,4,No,Delhi
E1097,Employee_223,Male,42,Operations,Supervisor,MBA,2020-04-29,2025-09-22,2025-09-28,6,37,1,9,2,Yes,32773,1,Yes,Mumbai
E1098,Employee_224,Female,35,IT,Support Engineer,MBA,2024-04-20,2025-09-22,2025-09-28,4,43,4,5,1,Yes,29492,5,No,Pune
E1099,Employee_225,Male,38,Sales,Sales Manager,Diploma,2020-07-17,2025-09-22,2025-09-28,6,55,1,0,0,Yes,77543,2,No,Mumbai
E1100,Employee_226,Male,39,Operations,Operations Executive,Post-Graduate,2019-03-23,2025-09-22,2025-09-28,4,50,5,10,0,No,66168,4,No,Delhi
E1101,Employee_227,Female,24,Admin,Admin Executive,Post-Graduate,2018-12-25,2025-09-22,2025-09-28,5,43,4,5,1,Yes,54884,4,No,Indore
E1102,Employee_228,Female,34,Sales,Sales Executive,Diploma,2020-04-12,2025-09-22,2025-09-28,5,41,1,5,0,Yes,31144,2,Yes,Mumbai
E1103,Employee_229,Male,48,IT,Support Engineer,Diploma,2019-11-16,2025-09-22,2025-09-28,3,45,4,6,2,Yes,53288,3,Yes,Chennai
E1104,Employee_230,Male,28,Marketing,Marketing Analyst,Graduate,2024-10-15,2025-09-22,2025-09-28,4,43,4,6,0,Yes,37873,3,Yes,Mumbai
E1105,Employee_231,Female,45,Operations,Supervisor,MBA,2022-08-19,2025-09-22,2025-09-28,4,41,4,3,1,Yes,54851,2,Yes,Mumbai
E1106,Employee_232,Male,25,Admin,Admin Executive,Diploma,2020-04-03,2025-09-22,2025-09-28,6,45,1,5,2,No,28495,4,No,Mumbai
E1107,Employee_233,Male,36,Marketing,Brand Executive,Graduate,2024-10-20,2025-09-22,2025-09-28,6,55,5,6,1,Yes,85966,3,No,Indore
E1108,Employee_234,Male,43,IT,Software Engineer,Graduate,2018-06-15,2025-09-22,2025-09-28,5,43,1,7,1,Yes,28585,2,Yes,Pune
E1109,Employee_235,Male,35,Operations,Supervisor,Diploma,2020-12-19,2025-09-22,2025-09-28,5,51,3,9,1,No,40356,5,Yes,Delhi
E1110,Employee_236,Female,41,Finance,Accountant,MBA,2024-08-16,2025-09-22,2025-09-28,5,37,2,9,0,No,80312,5,No,Indore
E1111,Employee_237,Male,32,Sales,Sales Executive,MBA,2019-03-05,2025-09-22,2025-09-28,4,41,3,10,0,Yes,80323,4,Yes,Chennai
E1112,Employee_238,Male,35,Finance,Accountant,MBA,2019-02-20,2025-09-22,2025-09-28,4,36,1,5,0,No,64910,4,Yes,Bangalore
E1113,Employee_239,Male,33,IT,Software Engineer,Graduate,2022-05-24,2025-09-22,2025-09-28,3,44,4,6,0,Yes,86703,5,No,Chennai
E1114,Employee_240,Female,22,Admin,Office Assistant,Diploma,2020-09-28,2025-09-22,2025-09-28,6,55,1,5,1,No,56791,4,Yes,Bangalore
E1115,Employee_241,Female,35,IT,Data Analyst,Diploma,2023-12-19,2025-09-22,2025-09-28,6,53,2,3,1,Yes,85733,2,No,Delhi
E1116,Employee_242,Female,30,Marketing,Brand Executive,Post-Graduate,2022-12-14,2025-09-22,2025-09-28,5,55,1,10,0,No,67966,5,No,Chennai
E1117,Employee_243,Male,43,Finance,Accountant,Graduate,2020-02-02,2025-09-22,2025-09-28,3,50,3,6,0,Yes,51202,2,Yes,Hyderabad
E1118,Employee_244,Male,38,Operations,Supervisor,Graduate,2024-02-25,2025-09-22,2025-09-28,5,37,4,1,1,Yes,72672,5,No,Chennai
E1119,Employee_245,Female,23,Operations,Supervisor,Post-Graduate,2021-10-27,2025-09-22,2025-09-28,4,36,1,10,2,No,26278,3,Yes,Mumbai
E1120,Employee_246,Female,36,HR,HR Executive,Graduate,2022-11-07,2025-09-22,2025-09-28,5,51,4,10,1,Yes,50584,2,No,Pune
E1121,Employee_247,Female,31,Sales,Sales Executive,Graduate,2019-04-12,2025-09-22,2025-09-28,5,45,5,6,2,No,37410,4,Yes,Indore
E1122,Employee_248,Female,43,Operations,Supervisor,Diploma,2023-03-25,2025-09-22,2025-09-28,5,47,2,10,0,No,53328,3,Yes,Indore
E1123,Employee_249,Female,24,Admin,Admin Executive,Post-Graduate,2022-06-28,2025-09-22,2025-09-28,3,36,1,7,2,No,63494,5,Yes,Hyderabad
E1124,Employee_250,Female,39,Marketing,Brand Executive,Post-Graduate,2020-12-04,2025-09-22,2025-09-28,6,34,1,10,0,No,27945,4,No,Pune
E1000,Employee_251,Female,41,Finance,Finance Analyst,Diploma,2023-05-27,2025-09-29,2025-10-05,3,43,2,2,0,Yes,41502,4,Yes,Indore
E1001,Employee_252,Female,23,Admin,Office Assistant,Graduate,2018-03-26,2025-09-29,2025-10-05,4,43,3,7,2,No,42966,1,Yes,Indore
E1002,Employee_253,Female,45,HR,HR Manager,Diploma,2019-10-17,2025-09-29,2025-10-05,5,31,3,5,1,No,86197,2,No,Chennai
E1003,Employee_254,Female,27,Sales,Sales Executive,Post-Graduate,2018-01-24,2025-09-29,2025-10-05,6,50,5,9,2,Yes,80010,3,No,Chennai
E1004,Employee_255,Female,50,HR,HR Executive,MBA,2018-12-29,2025-09-29,2025-10-05,3,34,3,10,1,No,68704,3,No,Pune
E1005,Employee_256,Female,28,Sales,Sales Manager,Post-Graduate,2021-09-14,2025-09-29,2025-10-05,3,39,1,3,1,Yes,74848,3,No,Bangalore
E1006,Employee_257,Female,25,Marketing,Brand Executive,Graduate,2018-05-21,2025-09-29,2025-10-05,6,45,4,7,1,Yes,63876,3,No,Pune
E1007,Employee_258,Male,32,Sales,Sales Manager,Graduate,2024-02-11,2025-09-29,2025-10-05,3,52,4,7,1,Yes,80798,5,No,Hyderabad
E1008,Employee_259,Male,47,HR,HR Executive,Graduate,2018-05-19,2025-09-29,2025-10-05,6,55,4,9,2,No,73026,5,Yes,Pune
E1009,Employee_260,Female,22,Marketing,Marketing Analyst,Post-Graduate,2022-11-28,2025-09-29,2025-10-05,3,49,5,2,0,No,72062,5,No,Bangalore
E1010,Employee_261,Male,28,Marketing,Brand Executive,Post-Graduate,2022-12-18,2025-09-29,2025-10-05,6,39,2,10,2,No,38294,3,No,Delhi
E1011,Employee_262,Male,32,IT,Support Engineer,Graduate,2021-12-05,2025-09-29,2025-10-05,6,54,5,3,2,No,55670,1,No,Delhi
E1012,Employee_263,Female,22,Admin,Admin Executive,Post-Graduate,2021-07-28,2025-09-29,2025-10-05,5,52,1,5,0,Yes,25225,1,Yes,Mumbai
E1013,Employee_264,Male,33,IT,Support Engineer,Diploma,2023-03-24,2025-09-29,2025-10-05,6,34,1,6,2,Yes,29007,2,No,Pune
E1014,Employee_265,Male,38,Operations,Operations Executive,Graduate,2019-08-22,2025-09-29,2025-10-05,6,47,4,1,2,Yes,88444,3,Yes,Pune
E1015,Employee_266,Male,32,Operations,Operations Executive,Diploma,2023-01-15,2025-09-29,2025-10-05,3,40,1,4,0,No,80365,4,Yes,Pune
E1016,Employee_267,Male,29,HR,HR Executive,Post-Graduate,2018-12-15,2025-09-29,2025-10-05,6,40,4,3,2,No,25449,1,Yes,Delhi
E1017,Employee_268,Male,42,Admin,Admin Executive,Graduate,2020-09-14,2025-09-29,2025-10-05,5,48,5,7,2,Yes,57566,2,No,Indore
E1018,Employee_269,Male,29,IT,Data Analyst,MBA,2019-12-08,2025-09-29,2025-10-05,3,46,5,10,0,Yes,47194,3,No,Chennai
E1019,Employee_270,Male,34,IT,Data Analyst,Post-Graduate,2024-01-18,2025-09-29,2025-10-05,6,37,1,7,2,No,82498,4,Yes,Chennai
E1020,Employee_271,Male,24,Admin,Admin Executive,Post-Graduate,2024-05-11,2025-09-29,2025-10-05,6,53,3,1,0,Yes,86543,4,Yes,Mumbai
E1021,Employee_272,Female,38,Operations,Operations Executive,MBA,2018-02-06,2025-09-29,2025-10-05,6,45,2,8,1,Yes,58649,1,Yes,Bangalore
E1022,Employee_273,Male,23,IT,Data Analyst,Post-Graduate,2022-07-29,2025-09-29,2025-10-05,5,31,3,0,1,No,84402,1,Yes,Mumbai
E1023,Employee_274,Male,31,Sales,Sales Executive,Post-Graduate,2023-03-02,2025-09-29,2025-10-05,3,34,1,5,1,Yes,62234,5,Yes,Mumbai
E1024,Employee_275,Male,47,Finance,Accountant,Diploma,2024-01-14,2025-09-29,2025-10-05,5,52,3,10,2,Yes,38051,5,Yes,Mumbai
E1025,Employee_276,Female,28,Sales,Sales Manager,MBA,2021-08-24,2025-09-29,2025-10-05,3,35,5,7,1,Yes,44005,2,No,Delhi
E1026,Employee_277,Female,41,Admin,Admin Executive,Graduate,2021-05-03,2025-09-29,2025-10-05,5,39,4,0,0,Yes,79016,3,Yes,Pune
E1027,Employee_278,Male,30,Sales,Sales Manager,Diploma,2024-05-09,2025-09-29,2025-10-05,6,38,5,10,1,No,88055,5,No,Pune
E1028,Employee_279,Male,38,Sales,Sales Executive,MBA,2023-06-11,2025-09-29,2025-10-05,4,39,4,10,1,Yes,37830,3,Yes,Pune
E1029,Employee_280,Female,36,Admin,Office Assistant,Graduate,2021-12-19,2025-09-29,2025-10-05,5,39,5,2,0,Yes,54964,1,Yes,Chennai
E1030,Employee_281,Female,33,Finance,Accountant,Diploma,2018-11-04,2025-09-29,2025-10-05,4,48,3,4,0,Yes,82031,3,No,Mumbai
E1031,Employee_282,Female,28,HR,HR Manager,MBA,2021-04-09,2025-09-29,2025-10-05,3,39,3,8,1,Yes,33336,4,No,Pune
E1032,Employee_283,Female,44,Sales,Sales Manager,Post-Graduate,2019-04-06,2025-09-29,2025-10-05,6,31,4,4,0,No,40194,2,No,Delhi
E1033,Employee_284,Female,29,Marketing,Marketing Analyst,Graduate,2018-12-06,2025-09-29,2025-10-05,3,50,4,3,2,Yes,65108,3,No,Hyderabad
E1034,Employee_285,Female,44,Marketing,Marketing Analyst,MBA,2023-02-18,2025-09-29,2025-10-05,3,53,2,5,0,No,54395,3,No,Mumbai
E1035,Employee_286,Male,25,Operations,Supervisor,Graduate,2018-08-28,2025-09-29,2025-10-05,4,32,5,5,2,No,59840,3,Yes,Chennai
E1036,Employee_287,Male,49,Admin,Admin Executive,MBA,2022-04-25,2025-09-29,2025-10-05,3,34,2,3,0,Yes,81949,3,No,Indore
E1037,Employee_288,Male,40,Admin,Admin Executive,MBA,2024-06-19,2025-09-29,2025-10-05,4,37,3,8,0,Yes,41665,1,Yes,Pune
E1038,Employee_289,Male,38,Marketing,Brand Executive,MBA,2024-07-03,2025-09-29,2025-10-05,5,47,4,8,2,No,33913,1,No,Pune
E1039,Employee_290,Female,30,Finance,Finance Analyst,Graduate,2020-04-26,2025-09-29,2025-10-05,5,50,4,7,0,Yes,48625,2,Yes,Mumbai
E1040,Employee_291,Male,50,Admin,Office Assistant,Graduate,2018-08-26,2025-09-29,2025-10-05,5,30,1,8,0,Yes,38287,3,Yes,Delhi
E1041,Employee_292,Female,34,HR,HR Executive,Graduate,2023-08-14,2025-09-29,2025-10-05,5,32,5,2,0,No,85675,1,Yes,Hyderabad
E1042,Employee_293,Female,31,IT,Support Engineer,Diploma,2022-11-25,2025-09-29,2025-10-05,3,45,2,3,0,Yes,49907,1,No,Indore
E1043,Employee_294,Female,28,Marketing,Brand Executive,Post-Graduate,2024-10-16,2025-09-29,2025-10-05,5,45,2,6,0,Yes,25765,2,Yes,Hyderabad
E1044,Employee_295,Female,30,HR,HR Manager,Diploma,2020-03-15,2025-09-29,2025-10-05,4,33,2,7,1,No,72773,5,No,Pune
E1045,Employee_296,Female,24,IT,Software Engineer,MBA,2024-07-31,2025-09-29,2025-10-05,6,36,2,9,2,Yes,37384,3,Yes,Bangalore
E1046,Employee_297,Male,46,HR,HR Executive,Post-Graduate,2018-04-18,2025-09-29,2025-10-05,3,37,3,6,0,No,44080,4,No,Delhi
E1047,Employee_298,Female,37,IT,Software Engineer,Graduate,2019-10-20,2025-09-29,2025-10-05,5,55,3,6,2,No,38339,5,Yes,Delhi
E1048,Employee_299,Male,22,Sales,Sales Executive,Graduate,2021-05-08,2025-09-29,2025-10-05,5,45,1,1,1,Yes,30929,4,Yes,Pune
E1049,Employee_300,Female,49,Operations,Supervisor,Diploma,2019-12-09,2025-09-29,2025-10-05,3,50,3,4,2,Yes,68957,1,No,Bangalore
E1050,Employee_301,Male,31,Sales,Sales Executive,Post-Graduate,2018-08-21,2025-09-29,2025-10-05,6,35,5,9,2,No,25848,2,No,Chennai
E1051,Employee_302,Female,46,Admin,Admin Executive,Graduate,2024-05-08,2025-09-29,2025-10-05,6,40,2,4,0,Yes,60879,4,No,Bangalore
E1052,Employee_303,Male,44,HR,HR Executive,Graduate,2024-04-07,2025-09-29,2025-10-05,3,50,2,1,1,No,81140,4,No,Pune
E1053,Employee_304,Male,44,Admin,Office Assistant,Diploma,2022-06-21,2025-09-29,2025-10-05,5,30,1,4,1,No,63912,2,No,Pune
E1054,Employee_305,Female,32,Admin,Office Assistant,Graduate,2024-06-28,2025-09-29,2025-10-05,6,39,2,3,0,No,49480,5,Yes,Indore
E1055,Employee_306,Female,45,Operations,Supervisor,Graduate,2022-02-17,2025-09-29,2025-10-05,5,41,4,5,2,Yes,28892,5,Yes,Bangalore
E1056,Employee_307,Female,50,HR,HR Executive,Graduate,2024-02-09,2025-09-29,2025-10-05,5,38,4,8,1,Yes,26047,2,No,Bangalore
E1057,Employee_308,Male,48,Admin,Admin Executive,Post-Graduate,2019-12-03,2025-09-29,2025-10-05,6,43,1,5,1,Yes,57051,5,Yes,Pune
E1058,Employee_309,Female,35,Operations,Operations Executive,Graduate,2024-10-29,2025-09-29,2025-10-05,6,54,5,10,1,No,55404,2,Yes,Indore
E1059,Employee_310,Male,46,Finance,Accountant,Graduate,2021-08-16,2025-09-29,2025-10-05,6,54,1,5,0,Yes,78862,3,No,Mumbai
E1060,Employee_311,Male,35,Admin,Admin Executive,Diploma,2020-07-19,2025-09-29,2025-10-05,5,53,3,3,1,No,69142,4,Yes,Hyderabad
E1061,Employee_312,Female,30,Sales,Sales Manager,Post-Graduate,2022-07-04,2025-09-29,2025-10-05,5,46,4,3,0,Yes,43119,3,No,Delhi
E1062,Employee_313,Male,23,IT,Data Analyst,Diploma,2023-03-26,2025-09-29,2025-10-05,5,44,3,1,1,Yes,82031,2,No,Pune
E1063,Employee_314,Male,27,Sales,Sales Executive,Diploma,2020-10-10,2025-09-29,2025-10-05,6,47,2,10,1,No,75577,3,Yes,Mumbai
E1064,Employee_315,Male,35,IT,Software Engineer,Diploma,2018-10-20,2025-09-29,2025-10-05,4,55,5,10,1,Yes,79063,5,No,Hyderabad
E1065,Employee_316,Female,45,Sales,Sales Manager,Diploma,2022-11-24,2025-09-29,2025-10-05,5,45,3,2,2,Yes,48768,1,Yes,Hyderabad
E1066,Employee_317,Female,49,HR,HR Executive,MBA,2023-09-14,2025-09-29,2025-10-05,6,45,2,9,1,No,46663,4,Yes,Chennai
E1067,Employee_318,Female,37,Marketing,Brand Executive,Diploma,2019-09-30,2025-09-29,2025-10-05,3,42,5,7,0,No,52653,3,Yes,Indore
E1068,Employee_319,Male,23,IT,Support Engineer,Diploma,2022-02-09,2025-09-29,2025-10-05,3,54,4,1,0,No,57072,5,No,Hyderabad
E1069,Employee_320,Female,45,HR,HR Manager,Post-Graduate,2019-04-19,2025-09-29,2025-10-05,3,48,1,7,1,No,34738,3,Yes,Mumbai
E1070,Employee_321,Female,39,IT,Support Engineer,Post-Graduate,2022-06-07,2025-09-29,2025-10-05,3,48,2,8,2,Yes,42840,3,No,Delhi
E1071,Employee_322,Male,47,Admin,Office Assistant,MBA,2019-02-19,2025-09-29,2025-10-05,3,55,4,4,0,Yes,29576,2,Yes,Mumbai
E1072,Employee_323,Female,43,IT,Data Analyst,Diploma,2023-09-30,2025-09-29,2025-10-05,5,34,1,4,2,Yes,47924,3,Yes,Pune
E1073,Employee_324,Female,35,Finance,Finance Analyst,Diploma,2023-08-21,2025-09-29,2025-10-05,5,42,1,10,2,Yes,89188,2,No,Chennai
E1074,Employee_325,Male,50,HR,HR Executive,Post-Graduate,2022-05-01,2025-09-29,2025-10-05,5,46,1,8,0,No,78158,5,Yes,Chennai
E1075,Employee_326,Male,46,Admin,Office Assistant,Diploma,2023-04-16,2025-09-29,2025-10-05,4,43,5,6,1,No,60320,2,No,Bangalore
E1076,Employee_327,Male,40,Sales,Sales Executive,Post-Graduate,2018-08-18,2025-09-29,2025-10-05,3,38,2,9,0,No,63942,1,No,Bangalore
E1077,Employee_328,Male,26,Sales,Sales Executive,MBA,2022-08-01,2025-09-29,2025-10-05,5,31,4,4,0,Yes,71907,5,No,Indore
E1078,Employee_329,Male,39,Admin,Office Assistant,Diploma,2018-05-03,2025-09-29,2025-10-05,6,36,5,5,1,No,78178,1,No,Indore
E1079,Employee_330,Male,41,Operations,Supervisor,Diploma,2024-04-28,2025-09-29,2025-10-05,6,33,4,9,2,No,87947,5,No,Chennai
E1080,Employee_331,Male,39,Operations,Operations Executive,Diploma,2020-06-28,2025-09-29,2025-10-05,5,43,3,9,0,Yes,85555,3,Yes,Hyderabad
E1081,Employee_332,Female,44,Marketing,Marketing Analyst,Post-Graduate,2024-09-20,2025-09-29,2025-10-05,5,48,4,1,0,No,34335,4,No,Bangalore
E1082,Employee_333,Female,27,IT,Data Analyst,MBA,2023-03-16,2025-09-29,2025-10-05,5,31,4,1,0,No,64594,3,Yes,Indore
E1083,Employee_334,Male,34,Admin,Admin Executive,Post-Graduate,2018-05-17,2025-09-29,2025-10-05,3,32,3,6,0,Yes,54349,1,No,Chennai
E1084,Employee_335,Female,27,Operations,Operations Executive,Diploma,2019-01-27,2025-09-29,2025-10-05,6,45,4,9,0,No,41239,1,Yes,Hyderabad
E1085,Employee_336,Male,45,IT,Support Engineer,Post-Graduate,2023-07-28,2025-09-29,2025-10-05,3,39,3,5,2,No,44118,2,No,Bangalore
E1086,Employee_337,Male,30,Sales,Sales Manager,Diploma,2020-05-11,2025-09-29,2025-10-05,4,53,3,9,2,No,72779,2,No,Hyderabad
E1087,Employee_338,Female,43,Sales,Sales Executive,Diploma,2024-08-09,2025-09-29,2025-10-05,6,31,2,10,1,No,57931,5,Yes,Chennai
E1088,Employee_339,Male,29,Admin,Admin Executive,Post-Graduate,2024-05-25,2025-09-29,2025-10-05,6,45,5,2,2,Yes,34709,5,No,Hyderabad
E1089,Employee_340,Male,36,Marketing,Marketing Analyst,Post-Graduate,2021-06-15,2025-09-29,2025-10-05,4,31,4,3,2,Yes,37193,1,Yes,Indore
E1090,Employee_341,Male,23,Finance,Finance Analyst,MBA,2021-12-14,2025-09-29,2025-10-05,3,45,4,2,0,No,89421,2,No,Hyderabad
E1091,Employee_342,Female,36,HR,HR Executive,Diploma,2020-06-09,2025-09-29,2025-10-05,3,47,1,2,0,Yes,55407,3,No,Pune
E1092,Employee_343,Male,35,Operations,Supervisor,MBA,2021-10-21,2025-09-29,2025-10-05,3,37,3,4,1,Yes,79120,1,Yes,Indore
E1093,Employee_344,Female,36,Sales,Sales Manager,Post-Graduate,2023-03-28,2025-09-29,2025-10-05,4,49,4,9,2,No,76761,2,No,Hyderabad
E1094,Employee_345,Female,47,Sales,Sales Manager,Post-Graduate,2018-01-09,2025-09-29,2025-10-05,6,53,5,5,1,No,56238,1,Yes,Indore
E1095,Employee_346,Male,43,IT,Support Engineer,Graduate,2021-07-23,2025-09-29,2025-10-05,3,34,3,9,0,No,61764,5,No,Hyderabad
E1096,Employee_347,Male,30,HR,HR Manager,Diploma,2021-09-06,2025-09-29,2025-10-05,3,50,5,4,0,No,58854,5,Yes,Indore
E1097,Employee_348,Female,44,Operations,Operations Executive,MBA,2018-01-17,2025-09-29,2025-10-05,3,39,2,2,2,Yes,86152,1,No,Pune
E1098,Employee_349,Female,28,Finance,Finance Analyst,Graduate,2021-07-06,2025-09-29,2025-10-05,4,43,2,2,0,No,68278,2,No,Indore
E1099,Employee_350,Female,31,IT,Software Engineer,Post-Graduate,2018-06-11,2025-09-29,2025-10-05,6,45,1,8,2,Yes,39176,3,No,Delhi
E1100,Employee_351,Female,40,HR,HR Executive,MBA,2024-08-23,2025-09-29,2025-10-05,6,53,2,2,0,No,39109,4,No,Chennai
E1101,Employee_352,Male,50,Operations,Supervisor,Graduate,2018-08-16,2025-09-29,2025-10-05,4,51,1,3,1,Yes,66018,5,No,Hyderabad
E1102,Employee_353,Male,46,HR,HR Manager,Diploma,2019-06-27,2025-09-29,2025-10-05,6,31,5,3,2,Yes,65998,2,No,Pune
E1103,Employee_354,Male,37,Finance,Accountant,Diploma,2024-01-10,2025-09-29,2025-10-05,5,31,5,0,0,Yes,27793,3,No,Chennai
E1104,Employee_355,Male,32,HR,HR Executive,Graduate,2021-09-11,2025-09-29,2025-10-05,3,32,2,2,1,No,56357,4,Yes,Delhi
E1105,Employee_356,Female,34,Admin,Office Assistant,Graduate,2023-07-17,2025-09-29,2025-10-05,5,46,5,2,0,Yes,73845,3,No,Indore
E1106,Employee_357,Female,49,Admin,Office Assistant,MBA,2023-07-23,2025-09-29,2025-10-05,3,36,1,5,1,No,78036,1,Yes,Hyderabad
E1107,Employee_358,Female,35,Sales,Sales Manager,Diploma,2018-02-12,2025-09-29,2025-10-05,4,41,2,8,1,Yes,83487,2,Yes,Hyderabad
E1108,Employee_359,Female,43,Marketing,Marketing Analyst,MBA,2022-01-17,2025-09-29,2025-10-05,5,36,2,8,2,No,87991,2,No,Delhi
E1109,Employee_360,Female,35,Sales,Sales Executive,Diploma,2023-11-14,2025-09-29,2025-10-05,6,36,5,6,2,No,63220,1,No,Hyderabad
E1110,Employee_361,Female,49,Finance,Accountant,Graduate,2020-07-09,2025-09-29,2025-10-05,5,43,2,10,2,No,28376,5,No,Hyderabad
E1111,Employee_362,Male,23,HR,HR Executive,Graduate,2018-02-15,2025-09-29,2025-10-05,5,48,5,2,0,No,31843,2,Yes,Bangalore
E1112,Employee_363,Female,30,IT,Software Engineer,Diploma,2021-07-03,2025-09-29,2025-10-05,6,38,5,3,1,Yes,79258,5,Yes,Mumbai
E1113,Employee_364,Female,31,Sales,Sales Manager,Graduate,2021-11-17,2025-09-29,2025-10-05,3,52,5,8,1,Yes,46609,1,No,Delhi
E1114,Employee_365,Male,28,IT,Data Analyst,Graduate,2023-02-12,2025-09-29,2025-10-05,4,40,3,4,0,No,57187,3,Yes,Pune
E1115,Employee_366,Male,41,IT,Data Analyst,Post-Graduate,2021-06-25,2025-09-29,2025-10-05,3,39,2,7,1,Yes,48406,1,No,Indore
E1116,Employee_367,Male,48,HR,HR Manager,MBA,2021-01-05,2025-09-29,2025-10-05,4,49,3,6,1,No,61792,3,No,Hyderabad
E1117,Employee_368,Female,22,Sales,Sales Executive,Post-Graduate,2018-01-30,2025-09-29,2025-10-05,4,42,5,4,0,Yes,33250,2,Yes,Chennai
E1118,Employee_369,Female,27,Sales,Sales Executive,Diploma,2023-08-05,2025-09-29,2025-10-05,5,44,4,7,2,Yes,82428,3,No,Bangalore
E1119,Employee_370,Male,36,Marketing,Marketing Analyst,Graduate,2022-10-13,2025-09-29,2025-10-05,5,37,3,8,2,No,77846,1,No,Hyderabad
E1120,Employee_371,Male,42,IT,Data Analyst,Diploma,2019-09-11,2025-09-29,2025-10-05,5,35,3,2,2,Yes,83199,1,Yes,Delhi
E1121,Employee_372,Male,44,Admin,Office Assistant,Graduate,2021-03-08,2025-09-29,2025-10-05,3,47,4,8,0,Yes,45854,4,Yes,Bangalore
E1122,Employee_373,Male,35,Admin,Office Assistant,Diploma,2021-02-23,2025-09-29,2025-10-05,5,41,3,0,1,No,75640,3,Yes,Mumbai
E1123,Employee_374,Female,30,Admin,Admin Executive,MBA,2022-08-19,2025-09-29,2025-10-05,4,47,3,3,2,No,48004,5,No,Pune
E1124,Employee_375,Female,32,Marketing,Brand Executive,Post-Graduate,2023-06-01,2025-09-29,2025-10-05,4,54,4,0,2,Yes,53166,2,No,Hyderabad
E1000,Employee_376,Female,38,Admin,Admin Executive,Graduate,2020-01-25,2025-10-06,2025-10-12,4,52,3,5,2,No,72541,3,Yes,Pune
E1001,Employee_377,Male,44,Operations,Operations Executive,Graduate,2020-02-18,2025-10-06,2025-10-12,6,40,3,5,1,No,70272,1,Yes,Hyderabad
E1002,Employee_378,Male,28,Marketing,Marketing Analyst,Graduate,2020-04-02,2025-10-06,2025-10-12,6,50,5,9,2,Yes,78850,4,No,Chennai
E1003,Employee_379,Female,35,HR,HR Manager,Graduate,2024-06-06,2025-10-06,2025-10-12,4,54,2,5,0,No,81455,1,No,Mumbai
E1004,Employee_380,Female,35,Finance,Finance Analyst,Graduate,2020-05-26,2025-10-06,2025-10-12,3,54,5,10,0,No,41378,2,Yes,Pune
E1005,Employee_381,Male,42,IT,Software Engineer,Diploma,2019-04-26,2025-10-06,2025-10-12,6,54,4,5,2,No,70713,4,No,Chennai
E1006,Employee_382,Female,27,HR,HR Executive,Diploma,2022-05-15,2025-10-06,2025-10-12,5,51,1,10,0,Yes,71430,1,Yes,Bangalore
E1007,Employee_383,Male,41,HR,HR Executive,MBA,2020-08-12,2025-10-06,2025-10-12,3,32,3,7,2,Yes,65596,3,Yes,Indore
E1008,Employee_384,Female,37,Finance,Accountant,Diploma,2022-03-13,2025-10-06,2025-10-12,4,53,2,7,2,Yes,50200,1,Yes,Delhi
E1009,Employee_385,Female,29,Finance,Accountant,MBA,2020-11-05,2025-10-06,2025-10-12,5,34,5,1,0,No,41341,4,No,Pune
E1010,Employee_386,Male,37,Finance,Finance Analyst,MBA,2019-01-26,2025-10-06,2025-10-12,4,46,2,9,0,Yes,60893,1,Yes,Hyderabad
E1011,Employee_387,Female,40,Operations,Operations Executive,MBA,2018-06-09,2025-10-06,2025-10-12,3,49,3,9,1,Yes,43688,5,No,Mumbai
E1012,Employee_388,Female,40,Marketing,Marketing Analyst,Graduate,2024-08-19,2025-10-06,2025-10-12,4,34,1,10,2,Yes,71718,2,No,Hyderabad
E1013,Employee_389,Female,27,Admin,Admin Executive,Diploma,2023-06-05,2025-10-06,2025-10-12,5,33,1,5,0,Yes,57714,4,No,Pune
E1014,Employee_390,Female,26,HR,HR Executive,MBA,2019-03-24,2025-10-06,2025-10-12,6,50,3,5,2,No,28752,5,Yes,Pune
E1015,Employee_391,Male,30,Operations,Supervisor,MBA,2024-03-11,2025-10-06,2025-10-12,3,34,4,10,1,Yes,41009,5,No,Indore
E1016,Employee_392,Female,43,IT,Software Engineer,MBA,2022-08-18,2025-10-06,2025-10-12,3,41,1,10,1,Yes,86812,2,No,Bangalore
E1017,Employee_393,Female,47,Admin,Office Assistant,Graduate,2019-12-30,2025-10-06,2025-10-12,5,37,1,0,2,No,62280,2,No,Bangalore
E1018,Employee_394,Male,28,Operations,Operations Executive,Diploma,2022-09-02,2025-10-06,2025-10-12,6,38,3,0,2,Yes,83316,5,Yes,Mumbai
E1019,Employee_395,Female,35,Sales,Sales Executive,Post-Graduate,2024-10-07,2025-10-06,2025-10-12,4,32,3,10,2,Yes,57079,1,No,Bangalore
E1020,Employee_396,Male,41,Admin,Office Assistant,Diploma,2022-12-28,2025-10-06,2025-10-12,6,31,5,8,2,No,73271,2,No,Delhi
E1021,Employee_397,Male,30,Operations,Supervisor,Post-Graduate,2020-05-03,2025-10-06,2025-10-12,5,35,4,10,0,Yes,39281,3,No,Pune
E1022,Employee_398,Male,37,IT,Data Analyst,Post-Graduate,2018-12-27,2025-10-06,2025-10-12,5,43,1,10,0,No,51909,5,Yes,Indore
E1023,Employee_399,Male,50,Sales,Sales Manager,Diploma,2022-08-16,2025-10-06,2025-10-12,3,53,2,5,2,Yes,34456,1,No,Hyderabad
E1024,Employee_400,Male,38,Sales,Sales Executive,Diploma,2024-07-17,2025-10-06,2025-10-12,3,37,3,4,1,Yes,49642,3,Yes,Chennai
E1025,Employee_401,Male,22,Admin,Office Assistant,Graduate,2019-05-24,2025-10-06,2025-10-12,3,30,5,4,2,No,76976,1,Yes,Chennai
E1026,Employee_402,Male,48,Operations,Operations Executive,Graduate,2021-10-18,2025-10-06,2025-10-12,6,51,2,8,2,No,44347,4,No,Pune
E1027,Employee_403,Female,43,IT,Software Engineer,Diploma,2024-03-24,2025-10-06,2025-10-12,6,42,5,7,2,Yes,62077,4,Yes,Chennai
E1028,Employee_404,Male,49,Admin,Office Assistant,Post-Graduate,2022-12-29,2025-10-06,2025-10-12,4,39,5,1,2,Yes,51303,4,No,Pune
E1029,Employee_405,Female,46,Admin,Admin Executive,Diploma,2021-12-24,2025-10-06,2025-10-12,3,48,5,0,1,Yes,77313,1,No,Indore
E1030,Employee_406,Female,35,Marketing,Marketing Analyst,Post-Graduate,2020-09-12,2025-10-06,2025-10-12,5,45,5,3,0,No,75034,4,Yes,Pune
E1031,Employee_407,Female,22,Admin,Office Assistant,Post-Graduate,2020-02-21,2025-10-06,2025-10-12,3,50,4,4,1,Yes,33721,3,Yes,Indore
E1032,Employee_408,Male,34,IT,Software Engineer,MBA,2019-02-16,2025-10-06,2025-10-12,3,45,4,9,1,No,82017,2,Yes,Chennai
E1033,Employee_409,Female,44,IT,Support Engineer,MBA,2022-03-07,2025-10-06,2025-10-12,3,55,5,0,2,No,46966,3,Yes,Indore
E1034,Employee_410,Male,32,Sales,Sales Manager,Graduate,2021-11-27,2025-10-06,2025-10-12,6,45,3,6,1,No,37444,2,No,Chennai
E1035,Employee_411,Male,37,IT,Software Engineer,Post-Graduate,2023-07-01,2025-10-06,2025-10-12,4,33,2,10,2,Yes,52457,5,No,Delhi
E1036,Employee_412,Male,38,Marketing,Marketing Analyst,MBA,2022-04-08,2025-10-06,2025-10-12,5,52,3,8,0,Yes,30574,2,No,Hyderabad
E1037,Employee_413,Male,35,Sales,Sales Manager,Diploma,2022-10-29,2025-10-06,2025-10-12,6,47,5,7,0,No,49907,1,Yes,Pune
E1038,Employee_414,Male,44,HR,HR Manager,Diploma,2020-04-21,2025-10-06,2025-10-12,6,52,4,1,2,Yes,29175,1,Yes,Bangalore
E1039,Employee_415,Male,22,Marketing,Marketing Analyst,Graduate,2023-04-15,2025-10-06,2025-10-12,3,52,3,5,1,No,89021,1,No,Indore
E1040,Employee_416,Male,38,Sales,Sales Manager,Post-Graduate,2018-01-05,2025-10-06,2025-10-12,3,49,1,2,0,Yes,72590,4,No,Indore
E1041,Employee_417,Female,48,HR,HR Manager,Graduate,2019-04-30,2025-10-06,2025-10-12,3,42,5,8,0,No,46292,2,Yes,Indore
E1042,Employee_418,Male,32,HR,HR Manager,Diploma,2019-01-11,2025-10-06,2025-10-12,6,53,1,7,0,Yes,70884,1,No,Chennai
E1043,Employee_419,Male,26,Operations,Supervisor,MBA,2021-10-17,2025-10-06,2025-10-12,6,43,4,2,0,Yes,58372,5,Yes,Indore
E1044,Employee_420,Male,36,Sales,Sales Manager,Graduate,2018-07-09,2025-10-06,2025-10-12,5,41,3,3,1,Yes,51688,2,No,Delhi
E1045,Employee_421,Male,50,Finance,Finance Analyst,Diploma,2023-08-23,2025-10-06,2025-10-12,3,42,1,2,1,Yes,29276,1,No,Hyderabad
E1046,Employee_422,Female,47,Admin,Admin Executive,Post-Graduate,2019-10-04,2025-10-06,2025-10-12,4,50,2,4,2,No,83456,4,Yes,Indore
E1047,Employee_423,Male,23,Operations,Supervisor,Post-Graduate,2019-06-22,2025-10-06,2025-10-12,6,52,2,8,0,Yes,74652,1,Yes,Pune
E1048,Employee_424,Male,47,Admin,Office Assistant,MBA,2020-03-08,2025-10-06,2025-10-12,3,54,4,4,1,Yes,47353,4,Yes,Pune
E1049,Employee_425,Female,50,HR,HR Executive,Post-Graduate,2020-10-21,2025-10-06,2025-10-12,4,36,4,9,0,No,51656,1,Yes,Indore
E1050,Employee_426,Male,38,Marketing,Brand Executive,Graduate,2023-09-20,2025-10-06,2025-10-12,6,34,3,6,2,No,75809,2,No,Bangalore
E1051,Employee_427,Male,46,Marketing,Brand Executive,Post-Graduate,2024-01-25,2025-10-06,2025-10-12,3,30,4,6,0,No,79749,2,Yes,Delhi
E1052,Employee_428,Female,49,Operations,Supervisor,Graduate,2019-08-30,2025-10-06,2025-10-12,3,39,5,5,1,Yes,77907,1,Yes,Mumbai
E1053,Employee_429,Male,25,Sales,Sales Manager,MBA,2018-09-15,2025-10-06,2025-10-12,4,48,4,1,1,No,74717,2,No,Hyderabad
E1054,Employee_430,Female,50,Sales,Sales Executive,Diploma,2022-11-28,2025-10-06,2025-10-12,5,48,2,7,1,Yes,41761,4,Yes,Hyderabad
E1055,Employee_431,Female,40,Admin,Office Assistant,Diploma,2023-06-04,2025-10-06,2025-10-12,3,47,2,3,2,No,31408,3,No,Chennai
E1056,Employee_432,Male,45,Marketing,Marketing Analyst,Post-Graduate,2022-09-26,2025-10-06,2025-10-12,3,44,5,1,0,No,45408,3,Yes,Bangalore
E1057,Employee_433,Female,23,Marketing,Brand Executive,Graduate,2020-07-11,2025-10-06,2025-10-12,4,54,5,5,2,Yes,64111,3,Yes,Mumbai
E1058,Employee_434,Female,28,Finance,Accountant,Diploma,2022-10-06,2025-10-06,2025-10-12,4,50,5,6,0,Yes,71245,5,No,Indore
E1059,Employee_435,Female,30,Operations,Operations Executive,Graduate,2024-07-09,2025-10-06,2025-10-12,5,50,1,7,2,No,82489,1,No,Delhi
E1060,Employee_436,Female,40,Finance,Finance Analyst,MBA,2018-04-10,2025-10-06,2025-10-12,3,42,4,10,0,No,37211,5,Yes,Bangalore
E1061,Employee_437,Female,29,Marketing,Marketing Analyst,Graduate,2022-04-02,2025-10-06,2025-10-12,5,54,4,10,1,Yes,58149,4,Yes,Indore
E1062,Employee_438,Male,48,HR,HR Manager,Post-Graduate,2021-12-23,2025-10-06,2025-10-12,5,34,5,5,1,Yes,31464,3,Yes,Hyderabad
E1063,Employee_439,Male,22,IT,Data Analyst,Graduate,2018-10-06,2025-10-06,2025-10-12,4,52,2,2,2,Yes,73289,1,No,Pune
E1064,Employee_440,Male,49,Finance,Accountant,Post-Graduate,2021-07-12,2025-10-06,2025-10-12,6,32,5,1,0,Yes,54360,3,Yes,Mumbai
E1065,Employee_441,Female,25,HR,HR Executive,MBA,2019-02-26,2025-10-06,2025-10-12,3,53,3,10,2,Yes,78586,3,Yes,Hyderabad
E1066,Employee_442,Female,27,Operations,Supervisor,MBA,2022-01-08,2025-10-06,2025-10-12,6,30,3,9,0,Yes,58535,3,Yes,Indore
E1067,Employee_443,Male,46,Marketing,Marketing Analyst,Graduate,2018-03-29,2025-10-06,2025-10-12,5,54,5,6,0,Yes,74963,1,Yes,Delhi
E1068,Employee_444,Male,38,Finance,Finance Analyst,Post-Graduate,2023-03-04,2025-10-06,2025-10-12,5,48,4,1,2,Yes,73324,2,No,Delhi
E1069,Employee_445,Female,30,Finance,Finance Analyst,Graduate,2021-10-12,2025-10-06,2025-10-12,6,36,4,5,2,Yes,62845,3,No,Delhi
E1070,Employee_446,Female,44,Finance,Finance Analyst,Diploma,2021-09-29,2025-10-06,2025-10-12,3,35,2,6,0,Yes,70200,4,Yes,Bangalore
E1071,Employee_447,Male,23,Finance,Finance Analyst,Diploma,2018-06-12,2025-10-06,2025-10-12,3,54,1,2,1,Yes,25349,5,Yes,Pune
E1072,Employee_448,Female,35,Admin,Admin Executive,Graduate,2024-04-14,2025-10-06,2025-10-12,3,48,4,10,0,No,68138,1,No,Mumbai
E1073,Employee_449,Female,40,Sales,Sales Executive,MBA,2024-04-15,2025-10-06,2025-10-12,6,55,5,9,1,No,29049,5,Yes,Pune
E1074,Employee_450,Male,26,Finance,Accountant,Diploma,2021-01-27,2025-10-06,2025-10-12,3,41,4,5,1,Yes,71299,1,Yes,Delhi
E1075,Employee_451,Male,24,Sales,Sales Manager,MBA,2020-09-29,2025-10-06,2025-10-12,4,47,3,2,1,Yes,36092,2,Yes,Mumbai
E1076,Employee_452,Male,26,HR,HR Executive,Graduate,2024-04-03,2025-10-06,2025-10-12,5,33,2,2,1,Yes,84086,3,No,Bangalore
E1077,Employee_453,Female,46,Marketing,Brand Executive,Diploma,2023-01-19,2025-10-06,2025-10-12,3,50,3,5,0,Yes,76467,4,Yes,Pune
E1078,Employee_454,Male,39,IT,Support Engineer,Post-Graduate,2021-05-22,2025-10-06,2025-10-12,6,37,1,5,2,No,36864,1,Yes,Delhi
E1079,Employee_455,Female,33,Finance,Finance Analyst,Diploma,2019-07-22,2025-10-06,2025-10-12,5,36,1,10,0,No,41574,3,No,Pune
E1080,Employee_456,Female,43,Sales,Sales Manager,Diploma,2023-11-30,2025-10-06,2025-10-12,4,52,5,0,0,No,31804,2,No,Delhi
E1081,Employee_457,Male,48,Marketing,Brand Executive,MBA,2021-04-13,2025-10-06,2025-10-12,6,46,5,7,2,Yes,67651,2,Yes,Pune
E1082,Employee_458,Male,23,Sales,Sales Manager,Post-Graduate,2022-10-04,2025-10-06,2025-10-12,6,52,2,4,1,Yes,82178,1,Yes,Hyderabad
E1083,Employee_459,Female,27,HR,HR Executive,Diploma,2019-07-02,2025-10-06,2025-10-12,6,55,2,9,2,Yes,29170,5,No,Delhi
E1084,Employee_460,Male,47,Admin,Admin Executive,MBA,2019-04-29,2025-10-06,2025-10-12,6,43,5,5,2,No,52624,3,Yes,Chennai
E1085,Employee_461,Female,45,IT,Software Engineer,Graduate,2020-07-07,2025-10-06,2025-10-12,3,38,1,2,0,Yes,66787,2,No,Pune
E1086,Employee_462,Male,23,Finance,Finance Analyst,Graduate,2020-11-24,2025-10-06,2025-10-12,3,44,2,10,1,No,36685,4,No,Mumbai
E1087,Employee_463,Male,34,Admin,Admin Executive,Post-Graduate,2018-01-23,2025-10-06,2025-10-12,3,33,3,3,2,No,57119,4,No,Mumbai
E1088,Employee_464,Female,37,Marketing,Marketing Analyst,Graduate,2023-02-22,2025-10-06,2025-10-12,4,53,3,1,2,Yes,28252,1,No,Mumbai
E1089,Employee_465,Male,35,Operations,Operations Executive,MBA,2024-07-24,2025-10-06,2025-10-12,3,43,2,4,1,Yes,45229,1,Yes,Delhi
E1090,Employee_466,Male,31,HR,HR Executive,Diploma,2019-03-30,2025-10-06,2025-10-12,3,33,4,2,2,No,69020,5,Yes,Delhi
E1091,Employee_467,Male,38,IT,Software Engineer,MBA,2020-07-12,2025-10-06,2025-10-12,5,52,5,7,2,No,61393,5,No,Pune
E1092,Employee_468,Female,43,HR,HR Manager,MBA,2024-10-15,2025-10-06,2025-10-12,5,40,4,9,0,No,79560,1,No,Pune
E1093,Employee_469,Male,47,IT,Data Analyst,Diploma,2024-03-09,2025-10-06,2025-10-12,5,38,4,2,0,No,38247,2,Yes,Bangalore
E1094,Employee_470,Male,35,Sales,Sales Manager,MBA,2024-03-22,2025-10-06,2025-10-12,5,47,1,8,0,No,31340,4,No,Hyderabad
E1095,Employee_471,Male,49,Admin,Admin Executive,Diploma,2020-05-21,2025-10-06,2025-10-12,6,51,4,8,2,Yes,55252,4,No,Indore
E1096,Employee_472,Female,31,Finance,Accountant,Graduate,2023-11-26,2025-10-06,2025-10-12,4,36,1,10,2,Yes,78202,4,No,Hyderabad
E1097,Employee_473,Male,27,HR,HR Manager,Graduate,2024-10-11,2025-10-06,2025-10-12,6,50,2,7,2,No,58861,5,No,Hyderabad
E1098,Employee_474,Female,37,Marketing,Marketing Analyst,MBA,2022-01-22,2025-10-06,2025-10-12,5,46,4,6,2,No,56467,1,No,Pune
E1099,Employee_475,Male,29,HR,HR Manager,Post-Graduate,2021-06-19,2025-10-06,2025-10-12,4,34,1,2,0,No,33942,4,Yes,Pune
E1100,Employee_476,Female,48,IT,Support Engineer,Diploma,2018-09-26,2025-10-06,2025-10-12,3,43,5,1,1,No,29207,5,Yes,Indore
E1101,Employee_477,Male,35,Admin,Office Assistant,Post-Graduate,2021-09-18,2025-10-06,2025-10-12,4,32,3,2,0,Yes,87954,5,Yes,Pune
E1102,Employee_478,Male,47,IT,Data Analyst,MBA,2023-05-09,2025-10-06,2025-10-12,6,40,1,8,1,No,77651,3,No,Delhi
E1103,Employee_479,Female,23,Finance,Accountant,Post-Graduate,2021-12-30,2025-10-06,2025-10-12,6,42,1,9,0,No,41558,3,Yes,Pune
E1104,Employee_480,Female,41,Marketing,Brand Executive,Graduate,2023-07-27,2025-10-06,2025-10-12,3,40,1,10,0,No,64150,3,Yes,Bangalore
E1105,Employee_481,Male,38,HR,HR Manager,Diploma,2021-09-22,2025-10-06,2025-10-12,3,39,3,3,1,No,48860,3,No,Delhi
E1106,Employee_482,Female,36,Operations,Operations Executive,Graduate,2022-08-18,2025-10-06,2025-10-12,4,37,4,1,2,No,46725,2,Yes,Delhi
E1107,Employee_483,Male,28,Marketing,Brand Executive,Post-Graduate,2024-05-11,2025-10-06,2025-10-12,5,36,2,1,1,No,88047,5,No,Chennai
E1108,Employee_484,Male,39,HR,HR Executive,Graduate,2023-10-12,2025-10-06,2025-10-12,3,52,3,3,0,Yes,51887,2,No,Hyderabad
E1109,Employee_485,Male,49,HR,HR Executive,Post-Graduate,2022-03-13,2025-10-06,2025-10-12,3,32,2,3,0,Yes,44771,3,No,Mumbai
E1110,Employee_486,Male,22,HR,HR Executive,MBA,2024-06-02,2025-10-06,2025-10-12,3,49,3,2,1,Yes,47376,3,No,Hyderabad
E1111,Employee_487,Female,33,Sales,Sales Executive,Diploma,2018-03-13,2025-10-06,2025-10-12,5,49,4,0,1,Yes,68655,2,No,Mumbai
E1112,Employee_488,Male,26,IT,Data Analyst,Graduate,2022-07-17,2025-10-06,2025-10-12,5,48,5,6,2,No,66290,5,No,Hyderabad
E1113,Employee_489,Male,46,Operations,Supervisor,Post-Graduate,2019-07-15,2025-10-06,2025-10-12,4,48,2,4,2,Yes,38199,3,Yes,Indore
E1114,Employee_490,Male,30,IT,Support Engineer,Diploma,2023-05-01,2025-10-06,2025-10-12,5,31,3,5,1,Yes,84813,1,No,Pune
E1115,Employee_491,Female,41,Marketing,Marketing Analyst,MBA,2018-12-25,2025-10-06,2025-10-12,5,47,5,1,2,Yes,58714,1,No,Indore
E1116,Employee_492,Female,24,Marketing,Marketing Analyst,Graduate,2022-08-07,2025-10-06,2025-10-12,6,31,4,1,2,No,27119,4,Yes,Delhi
E1117,Employee_493,Male,26,HR,HR Manager,Diploma,2020-07-31,2025-10-06,2025-10-12,3,31,4,2,0,No,85371,5,Yes,Indore
E1118,Employee_494,Male,27,Sales,Sales Manager,Post-Graduate,2019-01-08,2025-10-06,2025-10-12,5,31,1,4,2,No,69266,2,Yes,Delhi
E1119,Employee_495,Female,45,Finance,Finance Analyst,Diploma,2021-05-28,2025-10-06,2025-10-12,4,45,5,0,0,No,74694,5,Yes,Mumbai
E1120,Employee_496,Male,47,Sales,Sales Executive,Graduate,2024-08-28,2025-10-06,2025-10-12,6,47,5,8,2,Yes,33919,5,No,Pune
E1121,Employee_497,Female,30,Operations,Supervisor,Diploma,2019-10-26,2025-10-06,2025-10-12,4,55,3,2,0,No,86234,5,No,Indore
E1122,Employee_498,Female,33,Admin,Office Assistant,Post-Graduate,2022-07-07,2025-10-06,2025-10-12,4,32,1,1,1,Yes,63030,3,Yes,Pune
E1123,Employee_499,Female,33,Finance,Finance Analyst,Diploma,2020-09-28,2025-10-06,2025-10-12,4,48,2,1,0,No,72845,5,No,Bangalore
E1124,Employee_500,Male,31,IT,Support Engineer,MBA,2020-05-08,2025-10-06,2025-10-12,3,32,1,2,1,Yes,38683,5,No,Mumbai
