Date,Campaign_Name,Platform,Impressions,Clicks,Spend_INR,Conversions,Revenue_INR,CTR_Percent,Conversion_Rate_Percent
2024-01-01,Festive Sale,LinkedIn,86451,9225,15722,411,110089,4.69,14.29
2024-01-02,App Install,Google Ads,40915,7341,24169,66,177168,6.25,3.48
2024-01-03,Product Launch,Twitter,38219,1024,34568,425,145302,9.23,13.2
2024-01-04,App Install,Instagram,81879,4183,23753,112,161081,3.94,12.15
2024-01-05,App Install,Instagram,65644,5420,9935,13,34866,7.39,10.19
2024-01-06,Lead Generation,Google Ads,61279,4022,29052,393,106400,9.0,9.41
2024-01-07,Product Launch,LinkedIn,54028,5345,37884,420,85246,4.83,4.82
2024-01-08,Product Launch,LinkedIn,1126,9155,16893,86,77975,4.71,12.26
2024-01-09,Product Launch,Twitter,53329,8278,11117,234,173927,6.22,7.57
2024-01-10,App Install,Google Ads,28632,9953,39020,90,82557,6.12,1.16
2024-01-11,Festive Sale,Instagram,66310,3070,10352,314,138488,8.16,4.76
2024-01-12,Product Launch,LinkedIn,56176,9037,31901,54,73516,5.03,14.04
2024-01-13,App Install,Google Ads,87066,4086,6795,12,187987,9.96,12.78
2024-01-14,Lead Generation,LinkedIn,45327,5118,36493,209,150130,1.06,14.73
2024-01-15,Festive Sale,LinkedIn,69904,5283,34584,462,172790,0.53,9.46
2024-01-16,Lead Generation,Instagram,4797,9566,45605,14,33602,6.58,3.79
2024-01-17,Festive Sale,Facebook Ads,48882,367,40075,121,190139,3.34,2.53
2024-01-18,App Install,Twitter,14718,2446,36951,418,159588,2.78,2.89
2024-01-19,Brand Awareness,Twitter,35560,2212,7727,437,130295,3.46,0.39
2024-01-20,Festive Sale,Instagram,77589,2795,32410,377,88969,2.93,5.92
2024-01-21,Lead Generation,LinkedIn,23116,1641,36541,20,133161,0.79,2.95
2024-01-22,App Install,Google Ads,37244,6233,23884,75,169418,9.73,6.23
2024-01-23,Festive Sale,LinkedIn,2645,3980,645,400,142559,2.6,14.03
2024-01-24,Brand Awareness,Instagram,48523,1362,38278,243,1155,7.47,6.52
2024-01-25,Brand Awareness,Twitter,20256,9527,16535,223,124950,7.74,13.18
2024-01-26,Product Launch,LinkedIn,54173,4361,3540,70,68494,9.33,9.12
2024-01-27,Product Launch,Twitter,38430,7364,42922,312,77229,0.79,3.78
2024-01-28,Lead Generation,Google Ads,40282,2433,26660,211,105648,8.78,5.4
2024-01-29,Festive Sale,Twitter,64374,3289,18133,101,39547,5.51,1.35
2024-01-30,Festive Sale,Twitter,69244,2189,29844,186,29795,6.51,5.07
2024-01-31,Product Launch,Facebook Ads,12694,1754,17514,132,187368,6.62,10.2
2024-02-01,Festive Sale,Facebook Ads,57264,6974,15496,111,22447,8.29,1.17
2024-02-02,Festive Sale,Facebook Ads,76060,412,49604,381,168670,3.67,3.16
2024-02-03,Brand Awareness,Twitter,98416,2654,42121,132,173886,7.46,5.78
2024-02-04,Product Launch,Instagram,58545,9958,12195,20,88960,5.52,14.73
2024-02-05,App Install,Twitter,40224,4336,3352,394,64278,8.04,11.79
2024-02-06,Product Launch,Instagram,98945,3788,16514,24,56077,9.91,11.03
2024-02-07,App Install,Instagram,14224,2519,27542,227,113782,2.41,1.83
2024-02-08,Brand Awareness,Facebook Ads,41738,4845,34255,154,103932,9.95,11.74
2024-02-09,Lead Generation,LinkedIn,26150,6200,40890,293,141600,1.35,11.8
2024-02-10,Festive Sale,Google Ads,64731,606,24211,230,182172,0.52,9.06
2024-02-11,Brand Awareness,Facebook Ads,50688,9067,26622,469,110869,0.92,14.86
2024-02-12,Festive Sale,Facebook Ads,74509,2858,9660,310,140251,3.75,4.95
2024-02-13,Lead Generation,LinkedIn,9577,5200,27713,488,49781,6.51,14.12
2024-02-14,Lead Generation,Google Ads,9070,7611,39920,359,187339,1.16,13.73
2024-02-15,Brand Awareness,Twitter,9666,2769,7921,405,156024,0.55,0.27
2024-02-16,Lead Generation,Twitter,58761,6556,21900,202,54798,9.4,6.81
2024-02-17,App Install,Facebook Ads,37368,3791,34037,38,99696,8.31,14.66
2024-02-18,Lead Generation,Google Ads,7783,9816,18227,430,51939,8.19,1.64
2024-02-19,Festive Sale,Facebook Ads,42914,4048,47382,260,30516,8.9,8.26
2024-02-20,Festive Sale,Instagram,71507,2453,4858,188,188598,7.15,14.69
2024-02-21,Festive Sale,Facebook Ads,80026,8830,28982,57,142521,1.49,8.38
2024-02-22,Festive Sale,Facebook Ads,68526,9789,32617,429,51290,4.29,2.93
2024-02-23,App Install,Twitter,71835,344,23664,20,127688,7.37,8.77
2024-02-24,Product Launch,Twitter,46765,5393,32410,273,87661,3.16,3.15
2024-02-25,Brand Awareness,Twitter,20956,9932,32996,119,73954,7.03,7.84
2024-02-26,Festive Sale,Instagram,88895,1186,44811,71,23746,0.73,1.2
2024-02-27,Lead Generation,Twitter,47240,2114,29871,4,68990,3.41,9.12
2024-02-28,Festive Sale,Google Ads,38148,7059,38967,221,59810,5.72,7.8
2024-02-29,Lead Generation,LinkedIn,95270,4593,18125,14,119362,6.5,11.13
2024-03-01,Lead Generation,Google Ads,5757,1057,34393,3,147295,5.98,9.5
2024-03-02,Festive Sale,Google Ads,20097,5495,11293,216,134669,7.13,8.29
2024-03-03,App Install,Twitter,11395,5402,31507,229,197749,0.56,10.38
2024-03-04,Lead Generation,LinkedIn,17241,9489,26266,336,3659,1.46,2.24
2024-03-05,Lead Generation,LinkedIn,28696,1485,40032,186,87516,8.75,8.97
2024-03-06,Festive Sale,LinkedIn,71480,621,12823,55,75567,6.98,2.66
2024-03-07,Lead Generation,Instagram,47163,2432,46299,388,16037,1.57,13.89
2024-03-08,Lead Generation,Twitter,20816,9487,47320,376,127498,8.5,1.12
2024-03-09,Festive Sale,LinkedIn,50840,5134,45908,254,178810,2.8,6.51
2024-03-10,Festive Sale,Instagram,53853,327,8343,24,13109,5.04,10.47
2024-03-11,Brand Awareness,Facebook Ads,25917,7109,14710,162,23010,1.88,6.92
2024-03-12,App Install,Facebook Ads,97731,1937,16956,158,9787,7.25,1.47
2024-03-13,App Install,Instagram,22566,1315,31867,82,140544,6.84,8.35
2024-03-14,Lead Generation,Instagram,76452,7541,10606,403,155455,2.51,9.66
2024-03-15,App Install,Twitter,63823,1090,38457,159,62709,8.7,10.59
2024-03-16,Lead Generation,Twitter,21806,9159,2972,188,35518,4.31,5.66
2024-03-17,Brand Awareness,Facebook Ads,76520,8123,7204,60,54909,3.28,8.5
2024-03-18,Festive Sale,LinkedIn,2759,9127,4213,403,19351,1.95,6.82
2024-03-19,Festive Sale,Facebook Ads,42949,2802,5551,305,185402,3.03,10.11
2024-03-20,Festive Sale,LinkedIn,93374,8263,11256,319,16282,0.71,8.79
2024-03-21,App Install,LinkedIn,3482,4619,2975,366,153850,6.04,7.93
2024-03-22,Brand Awareness,Twitter,25442,6403,36878,211,156336,8.5,3.82
2024-03-23,App Install,Google Ads,34719,2403,4755,406,191747,5.72,0.13
2024-03-24,App Install,Google Ads,59066,7487,14984,152,6075,2.58,2.69
2024-03-25,Brand Awareness,Instagram,94501,4849,35003,109,180526,0.82,1.84
2024-03-26,Brand Awareness,Twitter,3079,736,8758,76,29365,2.54,6.79
2024-03-27,Brand Awareness,LinkedIn,3717,8526,41247,30,180272,4.45,9.22
2024-03-28,Brand Awareness,Google Ads,60676,4861,35696,314,12002,7.72,3.27
2024-03-29,Festive Sale,LinkedIn,28952,9004,45613,486,14947,2.28,14.09
2024-03-30,Product Launch,Google Ads,87444,5396,40694,117,95840,7.34,0.2
2024-03-31,Product Launch,Google Ads,43460,5093,9033,415,117219,8.74,11.61
2024-04-01,Brand Awareness,Google Ads,91397,2478,33081,356,79610,4.81,9.42
2024-04-02,Product Launch,Twitter,73847,5176,5749,192,53142,8.3,5.67
2024-04-03,Product Launch,Facebook Ads,94607,8270,19701,19,57307,5.77,0.85
2024-04-04,Brand Awareness,LinkedIn,90106,9148,10186,432,136565,6.55,9.45
2024-04-05,Product Launch,Twitter,19449,7863,47377,173,51085,5.5,5.85
2024-04-06,App Install,Twitter,34536,9695,32507,228,35228,4.9,14.05
2024-04-07,Lead Generation,Twitter,65077,3406,1161,350,183947,2.73,8.18
2024-04-08,Lead Generation,Twitter,39258,8757,45343,183,163727,3.38,14.1
2024-04-09,Brand Awareness,Twitter,49302,7316,30637,113,44472,3.25,3.39
2024-04-10,Festive Sale,Instagram,29865,6590,48056,183,50437,5.85,10.91
2024-04-11,Brand Awareness,LinkedIn,7645,88,43328,481,181488,1.64,9.3
2024-04-12,Festive Sale,Twitter,39000,3392,49104,146,60711,9.21,11.12
2024-04-13,Lead Generation,LinkedIn,27737,9128,11026,319,138888,7.35,3.3
2024-04-14,Brand Awareness,Instagram,12485,2894,3874,116,78175,4.31,10.01
2024-04-15,App Install,Instagram,39565,1148,26092,113,65307,2.01,7.52
2024-04-16,Product Launch,LinkedIn,26522,7077,29482,251,47733,8.88,11.17
2024-04-17,Festive Sale,Google Ads,66155,1873,707,476,129202,8.33,4.97
2024-04-18,Product Launch,Facebook Ads,56168,3205,35933,251,96028,7.36,13.36
2024-04-19,Product Launch,Google Ads,53487,3143,23697,303,143312,3.08,1.36
2024-04-20,Brand Awareness,Google Ads,13342,5708,33900,459,93493,4.32,12.13
2024-04-21,Product Launch,Google Ads,41806,3828,3583,313,126149,1.48,12.93
2024-04-22,App Install,Twitter,49770,2946,29828,118,164834,2.3,12.28
2024-04-23,Product Launch,Instagram,79623,1038,46979,301,9259,7.94,7.74
2024-04-24,Brand Awareness,Google Ads,76629,4166,43391,161,182211,7.29,6.63
2024-04-25,App Install,Instagram,53603,6496,20603,401,129775,6.14,14.94
2024-04-26,Lead Generation,LinkedIn,82974,4229,40391,198,15849,9.01,3.51
2024-04-27,Product Launch,Facebook Ads,27399,1732,11254,260,82768,6.04,8.25
2024-04-28,Brand Awareness,LinkedIn,86382,5676,34947,148,107108,4.94,10.09
2024-04-29,Lead Generation,LinkedIn,82244,7474,16401,240,90709,3.73,10.54
2024-04-30,Lead Generation,Twitter,77534,983,33504,47,55869,9.43,3.14
2024-05-01,Festive Sale,Facebook Ads,56106,3648,7946,475,127888,1.29,9.84
2024-05-02,App Install,LinkedIn,31678,2030,37711,399,64095,9.34,12.29
2024-05-03,Product Launch,LinkedIn,77218,3106,48731,198,118886,8.35,0.85
2024-05-04,Brand Awareness,Facebook Ads,64230,9034,29801,47,71910,1.73,13.68
2024-05-05,Festive Sale,Facebook Ads,75055,841,26616,78,24567,5.87,0.54
2024-05-06,App Install,LinkedIn,57373,5440,41823,124,36292,8.73,5.4
2024-05-07,Festive Sale,Facebook Ads,32480,6685,19252,75,75813,5.93,0.34
2024-05-08,App Install,LinkedIn,86230,2305,32876,359,98136,9.12,1.25
2024-05-09,App Install,LinkedIn,69836,3660,17169,137,52631,9.46,13.68
2024-05-10,Product Launch,Twitter,73258,1657,33416,90,10885,4.51,5.39
2024-05-11,App Install,Google Ads,40986,5229,13895,400,191731,4.08,6.43
2024-05-12,Festive Sale,LinkedIn,25160,6623,20921,325,186378,9.4,3.31
2024-05-13,App Install,Instagram,86595,1034,26842,61,67314,6.91,9.0
2024-05-14,Product Launch,Google Ads,80111,5826,5395,138,66087,1.6,8.96
2024-05-15,Product Launch,Google Ads,65929,3726,11523,50,161237,0.9,5.65
2024-05-16,Festive Sale,Google Ads,74506,3430,11199,259,191001,5.86,5.06
2024-05-17,Lead Generation,Twitter,35911,8761,10215,461,199100,9.34,13.29
2024-05-18,Lead Generation,LinkedIn,88127,8832,19669,107,96998,8.52,5.81
2024-05-19,App Install,Twitter,32821,1100,16663,113,50812,6.92,7.45
2024-05-20,Brand Awareness,LinkedIn,76039,3683,6282,350,182572,1.82,4.32
2024-05-21,App Install,Twitter,61535,6392,23141,254,59643,2.92,11.82
2024-05-22,Festive Sale,Twitter,85458,1009,19292,118,45900,8.82,6.02
2024-05-23,Festive Sale,Instagram,13175,6109,49992,493,175018,2.24,7.75
2024-05-24,Festive Sale,Twitter,55771,8934,36085,198,139923,3.15,3.88
2024-05-25,Festive Sale,Facebook Ads,87925,5705,31182,337,17288,1.73,14.82
2024-05-26,Festive Sale,Instagram,67358,4523,48364,365,73692,6.92,4.44
2024-05-27,Product Launch,Twitter,18327,2996,19380,51,199652,9.47,11.58
2024-05-28,Lead Generation,Google Ads,48057,7775,38567,245,139440,3.06,6.47
2024-05-29,Festive Sale,Facebook Ads,7150,576,43185,403,86436,5.02,3.17
2024-05-30,Brand Awareness,Facebook Ads,5425,3274,18573,426,47403,6.53,12.02
2024-05-31,Brand Awareness,Facebook Ads,17032,1925,36535,35,92170,9.99,5.07
2024-06-01,Brand Awareness,Instagram,3198,1813,37674,302,10168,1.5,12.99
2024-06-02,Brand Awareness,Twitter,61500,8762,25337,410,50879,5.24,13.74
2024-06-03,Product Launch,Twitter,54394,5847,18326,499,60871,4.16,12.91
2024-06-04,Brand Awareness,Google Ads,21079,9258,25481,69,33174,8.73,0.62
2024-06-05,Festive Sale,Google Ads,37220,7149,10882,349,138653,5.02,11.83
2024-06-06,App Install,Facebook Ads,42874,5159,4937,320,111155,1.55,6.23
2024-06-07,Brand Awareness,Google Ads,14859,6694,5935,421,72853,6.53,13.12
2024-06-08,Product Launch,Instagram,51460,166,25319,468,65046,7.82,9.61
2024-06-09,Product Launch,Twitter,32419,2483,37375,49,50678,0.53,12.52
2024-06-10,Brand Awareness,Facebook Ads,9705,5513,32482,405,27649,8.66,7.54
2024-06-11,App Install,Google Ads,43880,633,33828,74,128795,2.27,8.07
2024-06-12,Brand Awareness,Instagram,24236,8636,12829,192,89668,5.74,2.25
2024-06-13,Product Launch,Instagram,88955,3838,25669,261,146639,4.45,11.78
2024-06-14,Lead Generation,Google Ads,86514,4217,22432,356,90906,7.34,6.35
2024-06-15,Festive Sale,Twitter,16358,8515,35094,70,97019,4.03,7.55
2024-06-16,Product Launch,Google Ads,95914,1439,11921,90,194016,8.76,11.8
2024-06-17,Brand Awareness,Facebook Ads,77918,8407,45533,260,79002,7.44,9.02
2024-06-18,Festive Sale,Google Ads,15596,9809,8129,126,29803,6.65,3.1
2024-06-19,Brand Awareness,Instagram,34572,6204,8825,231,150302,8.06,8.89
2024-06-20,Brand Awareness,Google Ads,79757,5470,28995,295,149934,7.66,6.17
2024-06-21,Lead Generation,Twitter,2279,8970,32250,498,175427,0.84,7.1
2024-06-22,Festive Sale,LinkedIn,64197,2093,30119,419,163331,4.25,0.52
2024-06-23,Festive Sale,Google Ads,63516,4247,40961,129,31795,9.34,3.23
2024-06-24,Lead Generation,Twitter,8083,3546,8764,280,9770,1.69,4.29
2024-06-25,Product Launch,Twitter,18771,828,13186,313,12093,7.5,10.72
2024-06-26,Brand Awareness,Instagram,30975,263,46984,100,178643,9.76,0.27
2024-06-27,App Install,Twitter,46648,3812,24726,326,132265,1.0,6.19
2024-06-28,Brand Awareness,Twitter,49285,9818,7221,297,101311,6.98,13.87
2024-06-29,Brand Awareness,Twitter,20063,6781,21109,182,18569,4.95,1.77
2024-06-30,Product Launch,Twitter,68642,3167,7873,174,12190,6.0,7.79
2024-07-01,Brand Awareness,Facebook Ads,91093,5841,39175,316,63824,1.31,11.82
2024-07-02,Lead Generation,Facebook Ads,87143,8833,49395,364,174824,0.91,14.14
2024-07-03,Lead Generation,Instagram,38599,2770,29437,188,164399,6.84,11.23
2024-07-04,Festive Sale,Google Ads,52920,8955,6156,57,43070,8.32,10.84
2024-07-05,App Install,Twitter,29529,9177,9484,31,41197,7.93,12.41
2024-07-06,Brand Awareness,Google Ads,36954,6097,30484,84,3261,5.67,6.75
2024-07-07,Brand Awareness,Google Ads,28856,8082,8786,152,158584,1.45,12.11
2024-07-08,Product Launch,Instagram,3573,51,6401,473,138788,7.04,0.22
2024-07-09,Lead Generation,Twitter,79344,6418,32052,36,87795,2.8,13.88
2024-07-10,App Install,Twitter,36367,1999,26209,213,29933,9.16,6.71
2024-07-11,Festive Sale,LinkedIn,61774,6782,31555,414,136450,8.46,8.35
2024-07-12,Lead Generation,Google Ads,24752,7883,38185,408,41583,7.24,3.9
2024-07-13,Festive Sale,Google Ads,56029,967,8929,364,113082,9.51,11.16
2024-07-14,Product Launch,Facebook Ads,18685,3224,15216,106,86371,0.8,1.24
2024-07-15,Product Launch,LinkedIn,52693,7064,49063,414,161105,7.49,13.1
2024-07-16,Brand Awareness,Facebook Ads,56961,139,11638,342,156072,3.64,12.44
2024-07-17,App Install,Facebook Ads,77908,1759,35798,220,112032,9.11,3.32
2024-07-18,Festive Sale,Facebook Ads,75532,3091,23929,391,43604,3.03,12.16
2024-07-19,Lead Generation,Instagram,82994,155,6272,163,96074,7.39,11.82
2024-07-20,Product Launch,Instagram,57133,9128,48744,439,74869,8.84,9.52
2024-07-21,Brand Awareness,Facebook Ads,98425,8669,49019,220,6410,0.9,5.67
2024-07-22,Brand Awareness,LinkedIn,62268,1945,36232,270,84375,4.28,4.15
2024-07-23,Festive Sale,Google Ads,93201,6140,40405,120,188116,7.74,3.55
2024-07-24,Product Launch,LinkedIn,39243,8558,17847,394,195387,4.82,4.85
2024-07-25,App Install,Twitter,58384,6132,17420,336,97055,3.04,13.56
2024-07-26,Product Launch,Instagram,32653,684,32322,400,138868,2.59,1.26
2024-07-27,Festive Sale,Google Ads,27657,1975,47159,182,87716,1.75,12.45
2024-07-28,Festive Sale,Google Ads,40952,2106,40608,479,55245,8.64,5.3
2024-07-29,Product Launch,Twitter,23180,6967,24063,106,44056,5.97,7.87
2024-07-30,Festive Sale,Twitter,98432,3194,8467,217,149781,1.23,11.94
2024-07-31,Product Launch,Facebook Ads,79411,9681,45683,205,59557,4.13,13.28
2024-08-01,Lead Generation,Instagram,2622,602,12371,70,18543,3.99,5.24
2024-08-02,Product Launch,Instagram,49756,8957,29263,44,169490,2.23,6.98
2024-08-03,Product Launch,LinkedIn,41809,5433,12416,329,97038,4.64,6.28
2024-08-04,Festive Sale,Facebook Ads,17725,3961,9234,301,148796,3.65,0.3
2024-08-05,Festive Sale,Facebook Ads,62396,9955,34113,228,4828,3.75,4.51
2024-08-06,Brand Awareness,Facebook Ads,52226,3439,28679,184,117656,7.52,6.94
2024-08-07,Brand Awareness,Facebook Ads,82182,9349,35762,107,18087,2.62,6.23
2024-08-08,Lead Generation,Instagram,83565,8492,13177,84,144677,6.6,10.86
2024-08-09,Brand Awareness,Instagram,30402,2480,18768,338,32337,5.92,5.83
2024-08-10,Product Launch,Facebook Ads,5263,508,12830,250,137554,5.9,7.39
2024-08-11,Festive Sale,LinkedIn,97523,257,21233,363,66333,6.8,6.5
2024-08-12,Brand Awareness,Google Ads,47828,949,38447,441,183024,5.71,11.14
2024-08-13,Brand Awareness,Google Ads,48924,71,27786,21,137535,8.85,12.96
2024-08-14,Lead Generation,LinkedIn,75182,8651,7110,196,71448,6.92,8.03
2024-08-15,Lead Generation,Facebook Ads,94065,944,6930,178,5648,5.7,11.86
2024-08-16,Product Launch,Instagram,60052,564,40422,417,131576,8.38,4.52
2024-08-17,Festive Sale,Google Ads,12664,7344,14328,475,34623,6.26,8.17
2024-08-18,Lead Generation,Twitter,36737,4954,43413,7,191228,3.27,5.24
2024-08-19,Brand Awareness,Twitter,90563,7917,31997,70,36634,2.47,6.27
2024-08-20,Festive Sale,LinkedIn,30373,4159,39756,127,176674,1.95,11.01
2024-08-21,Festive Sale,Facebook Ads,37397,7229,37118,399,115598,9.04,13.24
2024-08-22,Brand Awareness,Google Ads,87145,1610,46832,466,50334,7.25,1.91
2024-08-23,Lead Generation,Facebook Ads,39709,1316,27026,160,69648,9.41,9.56
2024-08-24,Brand Awareness,Google Ads,62120,3688,30658,248,23054,6.23,8.77
2024-08-25,Festive Sale,LinkedIn,20250,8991,25532,203,71028,5.0,1.86
2024-08-26,App Install,LinkedIn,22172,3477,38346,148,23207,1.07,3.26
2024-08-27,App Install,Twitter,12555,4830,45436,472,82554,6.88,4.73
2024-08-28,Product Launch,Facebook Ads,88410,1977,30294,143,153458,6.03,2.59
2024-08-29,Brand Awareness,Twitter,79617,2406,5948,432,84276,9.91,3.73
2024-08-30,Brand Awareness,Facebook Ads,54276,4840,29361,199,191590,2.77,4.09
2024-08-31,Product Launch,Twitter,58492,356,28641,405,53781,5.54,5.1
2024-09-01,Product Launch,Instagram,54002,8029,9574,426,184852,6.68,11.27
2024-09-02,Product Launch,Instagram,90599,3715,6906,154,193512,6.62,8.62
2024-09-03,Festive Sale,Instagram,73355,7107,32323,492,176271,5.83,14.8
2024-09-04,Brand Awareness,Instagram,92248,711,23791,376,62035,7.88,6.28
2024-09-05,Festive Sale,Google Ads,25762,4694,42068,384,9210,2.45,11.33
2024-09-06,Product Launch,Instagram,12046,8553,32503,142,45363,7.39,13.08
2024-09-07,Brand Awareness,LinkedIn,97999,2970,47351,313,79279,6.39,10.22
2024-09-08,Festive Sale,LinkedIn,29769,9324,34906,165,192420,9.01,6.24
2024-09-09,Festive Sale,Google Ads,54302,8996,23812,314,187356,8.55,11.33
2024-09-10,Product Launch,Instagram,24150,6286,43608,21,154504,3.49,3.13
2024-09-11,Brand Awareness,Instagram,69247,6128,1882,82,196161,3.12,4.98
2024-09-12,Product Launch,Instagram,5853,402,34671,69,187470,9.83,8.25
2024-09-13,Brand Awareness,Twitter,95613,9144,42279,131,135393,5.51,8.67
2024-09-14,App Install,Facebook Ads,90399,7055,3792,87,82348,9.11,0.43
2024-09-15,Lead Generation,Twitter,22792,208,42279,218,169455,2.06,14.18
2024-09-16,Lead Generation,Facebook Ads,60129,1006,33687,421,114816,6.61,10.48
2024-09-17,Lead Generation,Instagram,75478,2121,12911,472,124053,8.19,7.49
2024-09-18,Product Launch,Instagram,68298,8645,37785,305,184965,9.5,14.0
2024-09-19,App Install,Twitter,32987,9629,15922,403,167892,3.7,6.64
2024-09-20,Brand Awareness,Twitter,16850,3503,42968,371,67262,7.39,14.71
2024-09-21,Festive Sale,Facebook Ads,13112,6725,32871,345,135832,5.62,7.73
2024-09-22,Brand Awareness,LinkedIn,25058,1005,6193,341,154262,1.08,1.8
2024-09-23,Festive Sale,Facebook Ads,46420,6345,34035,384,68411,7.05,11.5
2024-09-24,Brand Awareness,Twitter,39890,1762,15318,396,24377,7.06,10.22
2024-09-25,App Install,Twitter,67017,4753,31738,445,178809,9.34,11.62
2024-09-26,Festive Sale,Google Ads,48304,6613,31374,425,39211,5.22,14.28
2024-09-27,Product Launch,Twitter,33921,9515,27215,161,4744,2.69,11.67
2024-09-28,Brand Awareness,Google Ads,2524,5681,28105,178,25995,0.92,9.21
2024-09-29,Brand Awareness,LinkedIn,16048,9683,34817,117,149049,4.45,12.87
2024-09-30,Festive Sale,Facebook Ads,36111,1444,31674,196,35542,3.37,10.13
2024-10-01,Product Launch,Facebook Ads,38904,9511,10456,383,11651,7.73,6.18
2024-10-02,Product Launch,Google Ads,55912,4782,39408,490,100239,3.87,13.3
2024-10-03,App Install,Facebook Ads,35008,3764,11337,327,79931,9.52,3.41
2024-10-04,Product Launch,Twitter,1060,579,4216,86,103112,9.64,10.75
2024-10-05,Product Launch,Instagram,75666,3008,4981,289,17715,6.4,13.24
2024-10-06,Product Launch,Google Ads,84559,7954,24782,81,176481,9.32,11.0
2024-10-07,Lead Generation,Facebook Ads,56337,3641,7048,152,156378,7.73,10.49
2024-10-08,App Install,Google Ads,14350,6945,38105,61,151158,5.7,11.31
2024-10-09,Brand Awareness,Google Ads,25354,9181,8258,61,146448,2.21,7.03
2024-10-10,Festive Sale,Instagram,46186,575,44168,354,62350,4.86,13.13
2024-10-11,Brand Awareness,Twitter,29145,6527,23677,28,72425,5.83,3.13
2024-10-12,App Install,Google Ads,35020,51,24522,442,168708,8.71,2.0
2024-10-13,Festive Sale,Facebook Ads,87123,424,41261,43,87120,5.07,4.35
2024-10-14,App Install,LinkedIn,76186,4698,6042,169,115889,9.03,8.02
2024-10-15,Product Launch,Google Ads,86469,2415,25976,423,183721,6.91,7.71
2024-10-16,Festive Sale,Google Ads,21581,1575,31284,86,166682,1.8,12.33
2024-10-17,Product Launch,Instagram,89929,1696,23240,177,142130,9.95,6.13
2024-10-18,Brand Awareness,Twitter,24051,63,25317,17,75637,5.51,7.32
2024-10-19,Brand Awareness,LinkedIn,52474,4649,48096,98,71194,4.22,0.3
2024-10-20,Festive Sale,Facebook Ads,92748,2328,16552,454,77917,6.76,6.21
2024-10-21,Festive Sale,LinkedIn,70626,3205,35653,494,65200,1.53,9.75
2024-10-22,App Install,Facebook Ads,7960,8371,47576,198,106848,6.55,0.33
2024-10-23,App Install,Twitter,36772,3864,1171,98,107022,5.23,4.29
2024-10-24,Product Launch,Facebook Ads,22520,3266,663,65,178691,4.36,3.2
2024-10-25,Festive Sale,Instagram,50481,8269,41924,330,149226,9.55,0.73
2024-10-26,Brand Awareness,Instagram,37408,2163,44502,341,151611,5.46,7.24
2024-10-27,App Install,Instagram,95006,9494,5295,5,61058,2.58,2.81
2024-10-28,App Install,Instagram,58134,4406,11134,2,63068,4.86,11.17
2024-10-29,Brand Awareness,LinkedIn,21491,5593,5298,22,100932,9.23,12.73
2024-10-30,App Install,Twitter,2341,4605,22920,112,162445,2.17,8.23
2024-10-31,Product Launch,Facebook Ads,45623,7112,29800,57,165226,2.53,14.73
2024-11-01,Festive Sale,Facebook Ads,91327,3424,24845,66,138103,0.62,6.81
2024-11-02,Brand Awareness,Instagram,1338,6480,11249,330,23785,0.63,7.75
2024-11-03,Festive Sale,Instagram,72431,3516,39095,98,160741,8.38,14.84
2024-11-04,App Install,Google Ads,13254,3131,25621,144,95475,7.46,3.55
2024-11-05,App Install,Twitter,52860,679,37987,368,3282,3.87,14.14
2024-11-06,Brand Awareness,LinkedIn,12344,319,28911,435,166696,7.13,0.74
2024-11-07,Product Launch,Facebook Ads,2750,5774,33861,125,180510,4.25,6.75
2024-11-08,Lead Generation,Google Ads,55756,5947,21723,167,68534,9.55,1.14
2024-11-09,Brand Awareness,Google Ads,68957,3482,7894,86,163777,9.69,10.97
2024-11-10,Lead Generation,Facebook Ads,59053,9522,14556,76,170316,4.23,9.17
2024-11-11,Lead Generation,LinkedIn,71855,6326,28880,344,75964,8.62,10.63
2024-11-12,Product Launch,Google Ads,16896,5945,26535,495,169509,7.84,5.68
2024-11-13,Lead Generation,Google Ads,56761,7165,31120,424,120006,3.44,5.61
2024-11-14,Lead Generation,Twitter,63552,6706,20377,294,51583,2.7,0.78
2024-11-15,Product Launch,LinkedIn,78454,625,43904,444,39392,4.85,5.31
2024-11-16,Lead Generation,Google Ads,91600,7079,31411,59,8461,7.92,13.95
2024-11-17,Lead Generation,LinkedIn,28935,6149,33284,138,101123,9.62,5.75
2024-11-18,Lead Generation,Facebook Ads,38641,9549,3691,99,11516,7.75,12.49
2024-11-19,Brand Awareness,Instagram,30711,3242,33660,192,149586,8.62,12.65
2024-11-20,Brand Awareness,Google Ads,71342,3228,25500,243,122251,6.23,5.66
2024-11-21,Brand Awareness,Twitter,13182,6102,39540,319,168340,8.44,9.52
2024-11-22,Product Launch,Facebook Ads,88833,2784,4131,49,168860,7.95,1.52
2024-11-23,App Install,LinkedIn,57276,6166,6672,448,193121,4.08,1.64
2024-11-24,Lead Generation,Facebook Ads,20541,3618,42580,32,63493,5.74,0.82
2024-11-25,Lead Generation,Google Ads,95457,9897,24061,391,37027,8.15,8.76
2024-11-26,Product Launch,LinkedIn,83310,9821,25317,277,94547,0.94,6.45
2024-11-27,Lead Generation,Instagram,45813,2253,20781,20,174921,8.18,8.27
2024-11-28,Brand Awareness,Facebook Ads,38198,1440,29171,154,101127,2.19,7.86
2024-11-29,App Install,Google Ads,9820,1792,25864,383,149930,5.39,5.32
2024-11-30,Festive Sale,Twitter,25070,1975,42174,68,80003,8.18,10.19
2024-12-01,Lead Generation,LinkedIn,70768,669,27925,366,184467,2.91,11.4
2024-12-02,Brand Awareness,Facebook Ads,12122,1324,29102,372,40758,2.84,0.32
2024-12-03,Festive Sale,Facebook Ads,81559,1006,23753,214,55312,4.33,3.19
2024-12-04,App Install,Instagram,74543,1989,23972,143,69670,9.0,10.73
2024-12-05,Festive Sale,Instagram,84441,4003,49730,376,83279,0.5,5.86
2024-12-06,Brand Awareness,Twitter,42786,1018,8580,232,16434,9.06,9.97
2024-12-07,Festive Sale,Twitter,95934,9558,7599,213,196119,1.96,5.27
2024-12-08,Product Launch,Google Ads,7737,9285,25931,79,179847,9.91,5.92
2024-12-09,Festive Sale,Google Ads,37062,331,31686,214,76769,9.57,2.46
2024-12-10,Lead Generation,Twitter,55237,6312,48184,116,67677,5.2,3.95
2024-12-11,Lead Generation,Twitter,52571,1108,30611,92,84555,5.37,9.12
2024-12-12,Product Launch,LinkedIn,26510,4343,40351,270,129379,5.07,6.55
2024-12-13,Brand Awareness,Instagram,20426,5228,23114,411,177806,6.54,11.64
2024-12-14,Lead Generation,Google Ads,38265,7030,27224,381,102665,1.36,12.8
2024-12-15,App Install,Instagram,18850,9250,42491,489,172675,0.81,8.17
2024-12-16,Lead Generation,Instagram,67150,1279,5440,168,69803,1.05,11.4
2024-12-17,Lead Generation,Twitter,88312,9277,29258,58,171404,4.72,4.67
2024-12-18,Brand Awareness,LinkedIn,90613,4635,36724,284,92703,3.12,6.28
2024-12-19,Festive Sale,Facebook Ads,75910,8517,8288,26,22312,6.41,10.72
2024-12-20,Lead Generation,LinkedIn,53375,2790,28582,369,176251,9.93,5.85
2024-12-21,Product Launch,LinkedIn,36435,2339,24534,447,118961,4.17,8.87
2024-12-22,Festive Sale,Instagram,97443,1289,35979,66,41379,5.95,2.86
2024-12-23,App Install,LinkedIn,58132,5420,11780,409,18297,4.45,9.04
2024-12-24,Brand Awareness,Google Ads,79945,175,18552,248,3011,8.55,12.94
2024-12-25,App Install,Instagram,83050,7523,17031,254,121234,9.07,13.04
2024-12-26,Festive Sale,Google Ads,96402,9450,23304,387,45014,8.83,10.89
2024-12-27,Festive Sale,Facebook Ads,3983,5392,29403,456,143810,9.76,11.21
2024-12-28,Festive Sale,Instagram,98241,7401,45357,44,95333,0.76,8.41
2024-12-29,App Install,Facebook Ads,21662,6688,10642,97,179570,8.48,8.81
2024-12-30,Festive Sale,Instagram,24510,6620,48855,42,12120,7.64,2.09
2024-12-31,App Install,Twitter,79187,3299,10366,227,140839,2.67,6.71
2025-01-01,Festive Sale,LinkedIn,41998,9160,5031,262,23852,9.59,6.82
2025-01-02,Product Launch,Twitter,57846,7645,45954,167,80239,1.91,14.38
2025-01-03,Festive Sale,Facebook Ads,95071,6344,38598,436,133001,6.96,6.52
2025-01-04,App Install,LinkedIn,7640,6577,38778,279,92575,2.64,8.29
2025-01-05,Lead Generation,Instagram,45547,5807,28638,89,96040,4.6,8.05
2025-01-06,Festive Sale,LinkedIn,55620,2019,27565,379,149510,7.33,9.59
2025-01-07,Lead Generation,Google Ads,16317,941,30456,178,180587,5.85,11.25
2025-01-08,Product Launch,LinkedIn,8564,4520,42232,427,6744,4.56,3.45
2025-01-09,Brand Awareness,Google Ads,28345,7225,39761,403,174489,3.6,7.98
2025-01-10,Product Launch,LinkedIn,95223,9606,11259,197,139141,8.48,12.41
2025-01-11,Festive Sale,Google Ads,80273,8370,5939,307,43359,1.87,7.0
2025-01-12,Lead Generation,Facebook Ads,75859,9256,47741,267,151871,4.59,4.25
2025-01-13,Lead Generation,Twitter,81765,6862,43033,268,99746,9.09,9.86
2025-01-14,App Install,Instagram,75038,7569,28770,74,121906,8.54,12.37
2025-01-15,Lead Generation,LinkedIn,53393,4662,13779,8,8597,4.31,1.04
2025-01-16,App Install,Twitter,67081,9760,39779,408,48093,7.75,11.67
2025-01-17,Brand Awareness,Instagram,30430,1248,44751,476,169298,8.32,12.34
2025-01-18,Festive Sale,Instagram,76532,5288,24388,297,115650,8.94,6.98
2025-01-19,App Install,Google Ads,28788,6139,18130,164,158489,5.67,14.75
2025-01-20,Brand Awareness,Facebook Ads,96505,6307,35644,485,150765,2.44,11.82
2025-01-21,Lead Generation,Facebook Ads,49543,7755,31682,85,121956,2.93,11.63
2025-01-22,Lead Generation,Twitter,14919,3769,26038,72,116598,3.31,11.24
2025-01-23,Brand Awareness,Facebook Ads,70346,352,12324,55,185233,6.14,2.34
2025-01-24,Lead Generation,LinkedIn,97122,1036,32625,393,134241,0.81,3.34
2025-01-25,Brand Awareness,Facebook Ads,40974,4490,7479,47,154124,6.54,7.01
2025-01-26,App Install,Twitter,17371,4959,26689,399,9036,3.96,4.03
2025-01-27,App Install,Facebook Ads,46084,3122,43100,432,32778,3.3,6.29
2025-01-28,Brand Awareness,LinkedIn,30629,3174,13004,238,159806,8.86,13.34
2025-01-29,App Install,Google Ads,52184,9569,21169,104,155245,4.87,12.38
2025-01-30,App Install,Twitter,62916,8175,7410,210,162475,1.4,9.49
2025-01-31,App Install,Google Ads,74972,3341,47357,42,198393,8.35,12.89
2025-02-01,Product Launch,Google Ads,63187,4083,35464,316,138416,0.95,11.78
2025-02-02,Festive Sale,Google Ads,13984,5155,20631,468,19800,7.4,6.49
2025-02-03,Lead Generation,Instagram,34039,753,25727,454,26372,7.85,3.1
2025-02-04,Product Launch,Instagram,86431,8183,6478,268,62516,3.85,7.76
2025-02-05,App Install,Google Ads,84691,624,22491,386,21538,8.34,11.07
2025-02-06,Brand Awareness,Twitter,59606,5754,17653,263,64918,5.4,6.6
2025-02-07,App Install,LinkedIn,11616,7898,34048,336,147045,4.9,10.03
2025-02-08,Festive Sale,LinkedIn,51072,5258,43176,387,72155,0.93,1.51
2025-02-09,App Install,Facebook Ads,25574,6974,39571,365,60500,3.26,11.25
2025-02-10,Brand Awareness,Twitter,4430,3878,47954,259,168647,9.34,12.21
2025-02-11,Festive Sale,Instagram,13676,3280,4483,283,174333,4.22,10.63
2025-02-12,App Install,Google Ads,11816,538,10003,114,111659,5.69,14.51
2025-02-13,Festive Sale,Facebook Ads,33733,7164,30421,363,28716,5.55,12.42
2025-02-14,Lead Generation,LinkedIn,86680,9589,17405,40,135308,6.11,13.56
2025-02-15,Lead Generation,Instagram,3050,3223,46338,486,147920,1.08,14.01
2025-02-16,App Install,Instagram,34933,1717,24453,417,3352,3.94,12.04
2025-02-17,Festive Sale,Google Ads,25951,9879,27306,220,134004,7.37,10.15
2025-02-18,Brand Awareness,LinkedIn,33413,4164,45500,129,77449,2.41,0.19
2025-02-19,App Install,Twitter,35801,3603,22668,8,9556,2.43,7.04
2025-02-20,Lead Generation,Instagram,56619,7811,5083,101,87836,0.6,8.61
2025-02-21,Lead Generation,Google Ads,33913,1050,39214,416,137570,4.66,4.63
2025-02-22,App Install,Twitter,41600,9092,49645,380,51098,8.89,4.84
2025-02-23,Festive Sale,LinkedIn,58775,1438,40396,176,196458,0.99,14.42
2025-02-24,Lead Generation,Instagram,91816,5500,12389,107,113169,2.32,13.39
2025-02-25,Festive Sale,Twitter,91093,3762,27913,101,141641,3.45,12.75
2025-02-26,Lead Generation,Twitter,36400,1417,12775,260,127060,7.45,6.15
2025-02-27,Lead Generation,Twitter,5494,8239,2961,478,188954,6.59,0.3
2025-02-28,Product Launch,Instagram,81688,9063,14791,454,131544,4.45,1.3
2025-03-01,Lead Generation,Instagram,90431,504,47304,366,1340,7.71,4.75
2025-03-02,Brand Awareness,Facebook Ads,75691,9866,11935,246,176021,6.29,0.33
2025-03-03,App Install,LinkedIn,98419,2822,28435,275,83302,9.01,0.36
2025-03-04,App Install,Google Ads,44001,3776,33953,32,194515,8.27,13.76
2025-03-05,Festive Sale,Twitter,68364,7282,19044,137,1138,2.9,10.62
2025-03-06,Lead Generation,Facebook Ads,46028,4856,12758,12,132430,3.08,4.7
2025-03-07,Brand Awareness,Google Ads,98659,2240,31341,395,120619,1.69,2.08
2025-03-08,Festive Sale,Facebook Ads,38573,9158,49258,302,86376,3.7,7.72
2025-03-09,Product Launch,Instagram,1806,2925,49690,375,100931,10.0,0.18
2025-03-10,Festive Sale,Twitter,57638,5642,11236,16,162726,4.35,14.08
2025-03-11,Festive Sale,Google Ads,30757,1490,38143,129,157951,2.59,6.28
2025-03-12,Lead Generation,Google Ads,35636,8977,44450,63,82532,7.74,6.09
2025-03-13,Product Launch,Google Ads,81097,6109,35464,109,56778,5.65,5.92
2025-03-14,Festive Sale,Google Ads,49280,7060,28544,375,38772,1.92,1.13
2025-03-15,Brand Awareness,Google Ads,25262,7167,40433,21,59478,4.12,9.61
2025-03-16,Brand Awareness,Facebook Ads,81435,9203,16497,158,196425,4.44,11.02
2025-03-17,App Install,Twitter,63211,3039,14715,269,27762,7.66,10.17
2025-03-18,Product Launch,Instagram,55842,9268,33569,162,145355,0.7,2.16
2025-03-19,Product Launch,Instagram,57979,6278,24411,260,195994,3.06,8.72
2025-03-20,App Install,Instagram,82470,6521,17530,412,171492,5.42,8.59
2025-03-21,Festive Sale,Instagram,39197,2913,29834,102,56568,3.05,13.04
2025-03-22,Product Launch,Facebook Ads,42844,1227,15071,223,86090,6.47,5.75
2025-03-23,Brand Awareness,LinkedIn,65754,4810,43219,59,21219,5.08,5.64
2025-03-24,Brand Awareness,Twitter,35157,61,29427,247,58169,3.94,9.32
2025-03-25,Lead Generation,Google Ads,78129,5302,21214,128,75965,9.52,9.53
2025-03-26,Product Launch,LinkedIn,41042,4449,44041,283,178912,6.51,7.09
2025-03-27,Festive Sale,Instagram,62665,8284,23887,325,176767,1.73,6.7
2025-03-28,App Install,LinkedIn,83856,9185,28944,25,85754,5.82,7.46
2025-03-29,App Install,Twitter,28376,5495,49408,131,78988,7.92,12.93
2025-03-30,Festive Sale,Google Ads,56554,6620,20421,353,190414,7.23,6.97
2025-03-31,Lead Generation,Google Ads,15199,9246,13557,196,151023,2.13,14.1
2025-04-01,App Install,Twitter,82412,8262,45768,281,133379,9.74,7.61
2025-04-02,Product Launch,Twitter,51948,456,25358,404,81388,4.76,14.24
2025-04-03,Lead Generation,Instagram,74781,9256,49189,418,91768,2.01,12.51
2025-04-04,Product Launch,Google Ads,73750,4481,45138,154,36428,2.21,5.5
2025-04-05,Brand Awareness,LinkedIn,67262,5293,26562,382,93021,1.43,12.97
2025-04-06,Lead Generation,Facebook Ads,47600,6592,37350,133,119418,8.13,1.74
2025-04-07,App Install,Facebook Ads,77898,6986,46986,227,171047,1.66,13.88
2025-04-08,Lead Generation,Twitter,63483,8956,21067,189,133212,1.69,9.51
2025-04-09,Lead Generation,Instagram,19297,4196,30239,476,156914,8.58,0.91
2025-04-10,Lead Generation,Facebook Ads,31448,190,43785,477,27421,3.77,9.7
2025-04-11,Lead Generation,Google Ads,27172,4932,4254,265,2708,0.79,14.62
2025-04-12,Product Launch,Twitter,43874,6062,27544,372,135702,0.99,1.14
2025-04-13,Brand Awareness,LinkedIn,8657,1013,2224,486,151667,1.85,8.36
2025-04-14,Festive Sale,Twitter,85386,7201,1876,434,77021,2.53,11.24
2025-04-15,Lead Generation,LinkedIn,26425,8614,9206,134,160380,6.82,12.17
2025-04-16,App Install,Twitter,27685,3660,9394,211,45789,1.99,6.27
2025-04-17,Lead Generation,Twitter,25578,9934,18537,60,187762,1.63,3.14
2025-04-18,App Install,Twitter,29831,6944,18950,428,27086,7.76,0.73
2025-04-19,Product Launch,LinkedIn,8906,7361,16906,377,17859,6.88,8.74
2025-04-20,App Install,LinkedIn,62413,155,30225,395,8684,4.64,6.85
2025-04-21,Festive Sale,Twitter,55028,5589,6426,450,92088,5.72,14.24
2025-04-22,Brand Awareness,Facebook Ads,8287,9923,39519,431,133279,3.46,1.0
2025-04-23,App Install,Instagram,34660,6837,9996,364,47099,5.08,10.31
2025-04-24,App Install,Instagram,76758,2187,36568,364,199568,5.31,0.47
2025-04-25,Brand Awareness,Instagram,61504,4495,30306,457,67093,4.18,2.65
2025-04-26,Festive Sale,LinkedIn,60720,3580,23163,213,161761,9.11,6.86
2025-04-27,Lead Generation,LinkedIn,35701,1336,41821,216,49651,0.65,6.88
2025-04-28,App Install,Facebook Ads,84300,7102,36995,226,14893,7.93,10.32
2025-04-29,Brand Awareness,Instagram,18674,3704,23156,470,67418,1.68,13.66
2025-04-30,Product Launch,Instagram,84560,7152,26360,131,126074,8.08,9.62
2025-05-01,Brand Awareness,Twitter,24874,2409,17332,76,104065,6.35,14.31
2025-05-02,Product Launch,LinkedIn,44642,8155,39287,476,131351,8.51,13.24
2025-05-03,Festive Sale,Instagram,98820,8686,48731,286,192083,1.43,8.81
2025-05-04,Lead Generation,Facebook Ads,66160,6491,22227,474,39635,5.81,12.52
2025-05-05,Brand Awareness,Facebook Ads,18602,5097,43315,496,188187,5.26,9.67
2025-05-06,App Install,Instagram,89801,8277,30045,277,96071,7.21,1.27
2025-05-07,Festive Sale,LinkedIn,26931,5253,45022,156,79518,5.58,11.13
2025-05-08,Brand Awareness,Facebook Ads,95377,9717,3020,248,107233,5.64,1.51
2025-05-09,App Install,Twitter,30192,1848,3581,218,104651,4.58,8.95
2025-05-10,Brand Awareness,Facebook Ads,47542,9650,34696,190,73805,3.43,10.57
2025-05-11,Product Launch,Google Ads,43520,5341,37235,417,191026,5.08,1.09
2025-05-12,Brand Awareness,Google Ads,65772,5545,39713,469,160136,1.63,3.54
2025-05-13,Brand Awareness,LinkedIn,59762,9950,15066,163,123813,9.63,13.74
2025-05-14,Brand Awareness,Instagram,51106,6334,14542,180,80063,7.29,9.28
